Workbook

Sheet Summary
A1: City | B1: Sales Performance 2026 | G1: Total Sales by City
B2: Accessories | C2: Electronics | D2: Books | E2: Fashion | F2: Home Appliances
A3: Hyderabad | B3: =SUMIFS(ecommerce_sales_1000_records!$E:E,ecommerce_sales_1000_records!$C:C,Summary!B$2,ecommerce_sales_1000_records!$F:F,Summary!$A3) -> 48195.42 | C3: =SUMIFS(ecommerce_sales_1000_records!$E:F,ecommerce_sales_1000_records!$C:D,Summary!C$2,ecommerce_sales_1000_records!$F:G,Summary!$A3) -> 475523.37 | D3: =SUMIFS(ecommerce_sales_1000_records!$E:G,ecommerce_sales_1000_records!$C:E,Summary!D$2,ecommerce_sales_1000_records!$F:H,Summary!$A3) -> 3082.09 | E3: =SUMIFS(ecommerce_sales_1000_records!$E:H,ecommerce_sales_1000_records!$C:F,Summary!E$2,ecommerce_sales_1000_records!$F:I,Summary!$A3) -> 51629.74 | F3: =SUMIFS(ecommerce_sales_1000_records!$E:I,ecommerce_sales_1000_records!$C:G,Summary!F$2,ecommerce_sales_1000_records!$F:J,Summary!$A3) -> 84550.9 | G3: =SUM(B3:F3) -> 662981.52
A4: Surat | B4: =SUMIFS(ecommerce_sales_1000_records!$E:E,ecommerce_sales_1000_records!$C:C,Summary!B$2,ecommerce_sales_1000_records!$F:F,Summary!$A4) -> 50598.48 | C4: =SUMIFS(ecommerce_sales_1000_records!$E:F,ecommerce_sales_1000_records!$C:D,Summary!C$2,ecommerce_sales_1000_records!$F:G,Summary!$A4) -> 642996.84 | D4: =SUMIFS(ecommerce_sales_1000_records!$E:G,ecommerce_sales_1000_records!$C:E,Summary!D$2,ecommerce_sales_1000_records!$F:H,Summary!$A4) -> 2258.4 | E4: =SUMIFS(ecommerce_sales_1000_records!$E:H,ecommerce_sales_1000_records!$C:F,Summary!E$2,ecommerce_sales_1000_records!$F:I,Summary!$A4) -> 46839.38 | F4: =SUMIFS(ecommerce_sales_1000_records!$E:I,ecommerce_sales_1000_records!$C:G,Summary!F$2,ecommerce_sales_1000_records!$F:J,Summary!$A4) -> 85271.29 | G4: =SUM(B4:F4) -> 827964.39
A5: Mumbai | B5: =SUMIFS(ecommerce_sales_1000_records!$E:E,ecommerce_sales_1000_records!$C:C,Summary!B$2,ecommerce_sales_1000_records!$F:F,Summary!$A5) -> 50626.4 | C5: =SUMIFS(ecommerce_sales_1000_records!$E:F,ecommerce_sales_1000_records!$C:D,Summary!C$2,ecommerce_sales_1000_records!$F:G,Summary!$A5) -> 781774.04 | D5: =SUMIFS(ecommerce_sales_1000_records!$E:G,ecommerce_sales_1000_records!$C:E,Summary!D$2,ecommerce_sales_1000_records!$F:H,Summary!$A5) -> 4106.52 | E5: =SUMIFS(ecommerce_sales_1000_records!$E:H,ecommerce_sales_1000_records!$C:F,Summary!E$2,ecommerce_sales_1000_records!$F:I,Summary!$A5) -> 56419.27 | F5: =SUMIFS(ecommerce_sales_1000_records!$E:I,ecommerce_sales_1000_records!$C:G,Summary!F$2,ecommerce_sales_1000_records!$F:J,Summary!$A5) -> 117422.07 | G5: =SUM(B5:F5) -> 1010348.3
A6: Jaipur | B6: =SUMIFS(ecommerce_sales_1000_records!$E:E,ecommerce_sales_1000_records!$C:C,Summary!B$2,ecommerce_sales_1000_records!$F:F,Summary!$A6) -> 67401.04 | C6: =SUMIFS(ecommerce_sales_1000_records!$E:F,ecommerce_sales_1000_records!$C:D,Summary!C$2,ecommerce_sales_1000_records!$F:G,Summary!$A6) -> 950342.85 | D6: =SUMIFS(ecommerce_sales_1000_records!$E:G,ecommerce_sales_1000_records!$C:E,Summary!D$2,ecommerce_sales_1000_records!$F:H,Summary!$A6) -> 4163.08 | E6: =SUMIFS(ecommerce_sales_1000_records!$E:H,ecommerce_sales_1000_records!$C:F,Summary!E$2,ecommerce_sales_1000_records!$F:I,Summary!$A6) -> 29865.08 | F6: =SUMIFS(ecommerce_sales_1000_records!$E:I,ecommerce_sales_1000_records!$C:G,Summary!F$2,ecommerce_sales_1000_records!$F:J,Summary!$A6) -> 96860.33 | G6: =SUM(B6:F6) -> 1148632.4
A7: Delhi | B7: =SUMIFS(ecommerce_sales_1000_records!$E:E,ecommerce_sales_1000_records!$C:C,Summary!B$2,ecommerce_sales_1000_records!$F:F,Summary!$A7) -> 30365.77 | C7: =SUMIFS(ecommerce_sales_1000_records!$E:F,ecommerce_sales_1000_records!$C:D,Summary!C$2,ecommerce_sales_1000_records!$F:G,Summary!$A7) -> 725393.79 | D7: =SUMIFS(ecommerce_sales_1000_records!$E:G,ecommerce_sales_1000_records!$C:E,Summary!D$2,ecommerce_sales_1000_records!$F:H,Summary!$A7) -> 3116 | E7: =SUMIFS(ecommerce_sales_1000_records!$E:H,ecommerce_sales_1000_records!$C:F,Summary!E$2,ecommerce_sales_1000_records!$F:I,Summary!$A7) -> 42192.05 | F7: =SUMIFS(ecommerce_sales_1000_records!$E:I,ecommerce_sales_1000_records!$C:G,Summary!F$2,ecommerce_sales_1000_records!$F:J,Summary!$A7) -> 123675.32 | G7: =SUM(B7:F7) -> 924742.93
A8: Bangalore | B8: =SUMIFS(ecommerce_sales_1000_records!$E:E,ecommerce_sales_1000_records!$C:C,Summary!B$2,ecommerce_sales_1000_records!$F:F,Summary!$A8) -> 80895.79 | C8: =SUMIFS(ecommerce_sales_1000_records!$E:F,ecommerce_sales_1000_records!$C:D,Summary!C$2,ecommerce_sales_1000_records!$F:G,Summary!$A8) -> 697673.74 | D8: =SUMIFS(ecommerce_sales_1000_records!$E:G,ecommerce_sales_1000_records!$C:E,Summary!D$2,ecommerce_sales_1000_records!$F:H,Summary!$A8) -> 1385.6 | E8: =SUMIFS(ecommerce_sales_1000_records!$E:H,ecommerce_sales_1000_records!$C:F,Summary!E$2,ecommerce_sales_1000_records!$F:I,Summary!$A8) -> 18620.86 | F8: =SUMIFS(ecommerce_sales_1000_records!$E:I,ecommerce_sales_1000_records!$C:G,Summary!F$2,ecommerce_sales_1000_records!$F:J,Summary!$A8) -> 137809.13 | G8: =SUM(B8:F8) -> 936385.12
A9: Pune | B9: =SUMIFS(ecommerce_sales_1000_records!$E:E,ecommerce_sales_1000_records!$C:C,Summary!B$2,ecommerce_sales_1000_records!$F:F,Summary!$A9) -> 58984.12 | C9: =SUMIFS(ecommerce_sales_1000_records!$E:F,ecommerce_sales_1000_records!$C:D,Summary!C$2,ecommerce_sales_1000_records!$F:G,Summary!$A9) -> 870104.23 | D9: =SUMIFS(ecommerce_sales_1000_records!$E:G,ecommerce_sales_1000_records!$C:E,Summary!D$2,ecommerce_sales_1000_records!$F:H,Summary!$A9) -> 2742.72 | E9: =SUMIFS(ecommerce_sales_1000_records!$E:H,ecommerce_sales_1000_records!$C:F,Summary!E$2,ecommerce_sales_1000_records!$F:I,Summary!$A9) -> 38005.1 | F9: =SUMIFS(ecommerce_sales_1000_records!$E:I,ecommerce_sales_1000_records!$C:G,Summary!F$2,ecommerce_sales_1000_records!$F:J,Summary!$A9) -> 111480.52 | G9: =SUM(B9:F9) -> 1081316.7
A10: Ahmedabad | B10: =SUMIFS(ecommerce_sales_1000_records!$E:E,ecommerce_sales_1000_records!$C:C,Summary!B$2,ecommerce_sales_1000_records!$F:F,Summary!$A10) -> 86208.89 | C10: =SUMIFS(ecommerce_sales_1000_records!$E:F,ecommerce_sales_1000_records!$C:D,Summary!C$2,ecommerce_sales_1000_records!$F:G,Summary!$A10) -> 506061.74 | D10: =SUMIFS(ecommerce_sales_1000_records!$E:G,ecommerce_sales_1000_records!$C:E,Summary!D$2,ecommerce_sales_1000_records!$F:H,Summary!$A10) -> 3248.53 | E10: =SUMIFS(ecommerce_sales_1000_records!$E:H,ecommerce_sales_1000_records!$C:F,Summary!E$2,ecommerce_sales_1000_records!$F:I,Summary!$A10) -> 33186.92 | F10: =SUMIFS(ecommerce_sales_1000_records!$E:I,ecommerce_sales_1000_records!$C:G,Summary!F$2,ecommerce_sales_1000_records!$F:J,Summary!$A10) -> 96169.9 | G10: =SUM(B10:F10) -> 724875.98
A11: Chennai | B11: =SUMIFS(ecommerce_sales_1000_records!$E:E,ecommerce_sales_1000_records!$C:C,Summary!B$2,ecommerce_sales_1000_records!$F:F,Summary!$A11) -> 43817.18 | C11: =SUMIFS(ecommerce_sales_1000_records!$E:F,ecommerce_sales_1000_records!$C:D,Summary!C$2,ecommerce_sales_1000_records!$F:G,Summary!$A11) -> 577807.15 | D11: =SUMIFS(ecommerce_sales_1000_records!$E:G,ecommerce_sales_1000_records!$C:E,Summary!D$2,ecommerce_sales_1000_records!$F:H,Summary!$A11) -> 3112.52 | E11: =SUMIFS(ecommerce_sales_1000_records!$E:H,ecommerce_sales_1000_records!$C:F,Summary!E$2,ecommerce_sales_1000_records!$F:I,Summary!$A11) -> 36310.28 | F11: =SUMIFS(ecommerce_sales_1000_records!$E:I,ecommerce_sales_1000_records!$C:G,Summary!F$2,ecommerce_sales_1000_records!$F:J,Summary!$A11) -> 87468.52 | G11: =SUM(B11:F11) -> 748515.65
A12: Kolkata | B12: =SUMIFS(ecommerce_sales_1000_records!$E:E,ecommerce_sales_1000_records!$C:C,Summary!B$2,ecommerce_sales_1000_records!$F:F,Summary!$A12) -> 23959.38 | C12: =SUMIFS(ecommerce_sales_1000_records!$E:F,ecommerce_sales_1000_records!$C:D,Summary!C$2,ecommerce_sales_1000_records!$F:G,Summary!$A12) -> 708732.02 | D12: =SUMIFS(ecommerce_sales_1000_records!$E:G,ecommerce_sales_1000_records!$C:E,Summary!D$2,ecommerce_sales_1000_records!$F:H,Summary!$A12) -> 2673.58 | E12: =SUMIFS(ecommerce_sales_1000_records!$E:H,ecommerce_sales_1000_records!$C:F,Summary!E$2,ecommerce_sales_1000_records!$F:I,Summary!$A12) -> 35582.71 | F12: =SUMIFS(ecommerce_sales_1000_records!$E:I,ecommerce_sales_1000_records!$C:G,Summary!F$2,ecommerce_sales_1000_records!$F:J,Summary!$A12) -> 103775.56 | G12: =SUM(B12:F12) -> 874723.25
A15: Category | B15: Actual sales | H15: Forecated Sales | N15: Sales 2026
B16: 46023 | C16: 46054 | D16: 46082 | E16: 46113 | F16: 46143 | G16: 46174 | H16: 46204 | I16: 46235 | J16: 46266 | K16: 46296 | L16: 46327 | M16: 46357
A17: Accessories | B17: 67358.35 | C17: 99356.48 | D17: 100539.58 | E17: 86704.88 | F17: 76709.79 | G17: 110383.39 | H17: =AVERAGE(E17:G17)*105% -> 95829.321 | I17: =AVERAGE(F17:H17)*105% -> 99022.875 | J17: =AVERAGE(G17:I17)*105% -> 106832.46 | K17: =AVERAGE(H17:J17)*105% -> 105589.63 | L17: =AVERAGE(I17:K17)*105% -> 109005.74 | M17: =AVERAGE(J17:L17)*105% -> 112499.74 | N17: =SUM(B17:M17) -> 1169832.2
A18: Electronics | B18: 1518548 | C18: 1044268.1 | D18: 1111658.2 | E18: 1222701.8 | F18: 1304164.5 | G18: 735069.27 | H18: =AVERAGE(E18:G18)*105% -> 1141677.4 | I18: =AVERAGE(F18:H18)*105% -> 1113318.9 | J18: =AVERAGE(G18:I18)*105% -> 1046523 | K18: =AVERAGE(H18:J18)*105% -> 1155531.8 | L18: =AVERAGE(I18:K18)*105% -> 1160380.8 | M18: =AVERAGE(J18:L18)*105% -> 1176852.4 | N18: =SUM(B18:M18) -> 13730694
A19: Books | B19: 6033.74 | C19: 4974.32 | D19: 5430.06 | E19: 2213.98 | F19: 4565.48 | G19: 6671.46 | H19: =AVERAGE(E19:G19)*105% -> 4707.822 | I19: =AVERAGE(F19:H19)*105% -> 5580.6667 | J19: =AVERAGE(G19:I19)*105% -> 5935.982 | K19: =AVERAGE(H19:J19)*105% -> 5678.5648 | L19: =AVERAGE(I19:K19)*105% -> 6018.3247 | M19: =AVERAGE(J19:L19)*105% -> 6171.505 | N19: =SUM(B19:M19) -> 63981.905
A20: Fashion | B20: 65031.48 | C20: 57796.06 | D20: 59196.43 | E20: 71362.62 | F20: 80989.91 | G20: 54274.89 | H20: =AVERAGE(E20:G20)*105% -> 72319.597 | I20: =AVERAGE(F20:H20)*105% -> 72654.539 | J20: =AVERAGE(G20:I20)*105% -> 69737.159 | K20: =AVERAGE(H20:J20)*105% -> 75148.953 | L20: =AVERAGE(I20:K20)*105% -> 76139.228 | M20: =AVERAGE(J20:L20)*105% -> 77358.869 | N20: =SUM(B20:M20) -> 832009.74
A21: Home Appliances | B21: 154798.52 | C21: 126137.84 | D21: 213421.06 | E21: 178787.71 | F21: 225640.29 | G21: 145698.12 | H21: =AVERAGE(E21:G21)*105% -> 192544.14 | I21: =AVERAGE(F21:H21)*105% -> 197358.89 | J21: =AVERAGE(G21:I21)*105% -> 187460.4 | K21: =AVERAGE(H21:J21)*105% -> 202077.2 | L21: =AVERAGE(I21:K21)*105% -> 205413.78 | M21: =AVERAGE(J21:L21)*105% -> 208232.98 | N21: =SUM(B21:M21) -> 2237570.9
A22: Total Sales by Month: | B22: =SUM(B17:B21) -> 1811770.1 | C22: =SUM(C17:C21) -> 1332532.8 | D22: =SUM(D17:D21) -> 1490245.3 | E22: =SUM(E17:E21) -> 1561770.9 | F22: =SUM(F17:F21) -> 1692070 | G22: =SUM(G17:G21) -> 1052097.1 | H22: =SUM(H17:H21) -> 1507078.3 | I22: =SUM(I17:I21) -> 1487935.9 | ... M22: =SUM(M17:M21) -> 1581115.5 | N22: =SUM(B22:M22) -> 18034089
A24: Trend | B24: 2 month | C24: 3 month | D24: 4 month | E24: 5 month | F24: 6 month | G24: Average
A25: Accessories | B25: =(C17-B17)/B17 -> 0.47504326 | C25: =(D17-C17)/C17 -> 0.011907628 | D25: =(E17-D17)/D17 -> -0.13760451 | E25: =(F17-E17)/E17 -> -0.11527713 | F25: =(G17-F17)/F17 -> 0.43897396 | G25: =AVERAGE(B25:F25) -> 0.13460864
A26: Electronics | B26: =(C18-B18)/B18 -> -0.31232461 | C26: =(D18-C18)/C18 -> 0.064533305 | D26: =(E18-D18)/D18 -> 0.099890061 | E26: =(F18-E18)/E18 -> 0.066625226 | F26: =(G18-F18)/F18 -> -0.43636769 | G26: =AVERAGE(B26:F26) -> -0.10352874
A27: Books | B27: =(C19-B19)/B19 -> -0.17558264 | C27: =(D19-C19)/C19 -> 0.091618553 | D27: =(E19-D19)/D19 -> -0.59227338 | E27: =(F19-E19)/E19 -> 1.0621144 | F27: =(G19-F19)/F19 -> 0.46128337 | G27: =AVERAGE(B27:F27) -> 0.16943206
A28: Fashion | B28: =(C20-B20)/B20 -> -0.11126027 | C28: =(D20-C20)/C20 -> 0.024229506 | D28: =(E20-D20)/D20 -> 0.20552236 | E28: =(F20-E20)/E20 -> 0.13490662 | F28: =(G20-F20)/F20 -> -0.32985615 | G28: =AVERAGE(B28:F28) -> -0.015291587
A29: Home Appliances | B29: =(C21-B21)/B21 -> -0.18514828 | C29: =(D21-C21)/C21 -> 0.69196698 | D29: =(E21-D21)/D21 -> -0.1622771 | E29: =(F21-E21)/E21 -> 0.26205705 | F29: =(G21-F21)/F21 -> -0.35429032 | G29: =AVERAGE(B29:F29) -> 0.050461667
A30: Average | B30: =AVERAGE(B25:B29) -> -0.061854509 | C30: =AVERAGE(C25:C29) -> 0.17685119 | D30: =AVERAGE(D25:D29) -> -0.11734851 | E30: =AVERAGE(E25:E29) -> 0.28208523 | F30: =AVERAGE(F25:F29) -> -0.044051366 | G30: =AVERAGE(G25:G29) -> 0.047136407

Sheet MTD
A1: Date | B1: 46023 | C1: 46023 | D1: =C1+1 -> 46024 | E1: =D1+1 -> 46025 | F1: =E1+1 -> 46026 | G1: =F1+1 -> 46027 | H1: =G1+1 -> 46028 | I1: =H1+1 -> 46029 | J1: =I1+1 -> 46030 | K1: =J1+1 -> 46031 | ... AG1: =AF1+1 -> 46053
A2: Accessories | B2: =SUM(C2:AG2) -> 67358.35 | C2: =SUMIFS(ecommerce_sales_1000_records!$E:E,ecommerce_sales_1000_records!$G:G,MTD!C$1,ecommerce_sales_1000_records!$C:C,MTD!$A2) -> 1702.23 | D2: =SUMIFS(ecommerce_sales_1000_records!$E:F,ecommerce_sales_1000_records!$G:H,MTD!D$1,ecommerce_sales_1000_records!$C:D,MTD!$A2) -> 0 | E2: =SUMIFS(ecommerce_sales_1000_records!$E:G,ecommerce_sales_1000_records!$G:I,MTD!E$1,ecommerce_sales_1000_records!$C:E,MTD!$A2) -> 1784.6 | F2: =SUMIFS(ecommerce_sales_1000_records!$E:H,ecommerce_sales_1000_records!$G:J,MTD!F$1,ecommerce_sales_1000_records!$C:F,MTD!$A2) -> 0 | G2: =SUMIFS(ecommerce_sales_1000_records!$E:I,ecommerce_sales_1000_records!$G:K,MTD!G$1,ecommerce_sales_1000_records!$C:G,MTD!$A2) -> 0 | H2: =SUMIFS(ecommerce_sales_1000_records!$E:J,ecommerce_sales_1000_records!$G:L,MTD!H$1,ecommerce_sales_1000_records!$C:H,MTD!$A2) -> 0 | I2: =SUMIFS(ecommerce_sales_1000_records!$E:K,ecommerce_sales_1000_records!$G:M,MTD!I$1,ecommerce_sales_1000_records!$C:I,MTD!$A2) -> 0 | J2: =SUMIFS(ecommerce_sales_1000_records!$E:L,ecommerce_sales_1000_records!$G:N,MTD!J$1,ecommerce_sales_1000_records!$C:J,MTD!$A2) -> 5281.48 | K2: =SUMIFS(ecommerce_sales_1000_records!$E:M,ecommerce_sales_1000_records!$G:O,MTD!K$1,ecommerce_sales_1000_records!$C:K,MTD!$A2) -> 0 | L2: =SUMIFS(ecommerce_sales_1000_records!$E:N,ecommerce_sales_1000_records!$G:P,MTD!L$1,ecommerce_sales_1000_records!$C:L,MTD!$A2) -> 0 | M2: =SUMIFS(ecommerce_sales_1000_records!$E:O,ecommerce_sales_1000_records!$G:Q,MTD!M$1,ecommerce_sales_1000_records!$C:M,MTD!$A2) -> 0 | N2: =SUMIFS(ecommerce_sales_1000_records!$E:P,ecommerce_sales_1000_records!$G:R,MTD!N$1,ecommerce_sales_1000_records!$C:N,MTD!$A2) -> 5354.94 | O2: =SUMIFS(ecommerce_sales_1000_records!$E:Q,ecommerce_sales_1000_records!$G:S,MTD!O$1,ecommerce_sales_1000_records!$C:O,MTD!$A2) -> 1727.06 | P2: =SUMIFS(ecommerce_sales_1000_records!$E:R,ecommerce_sales_1000_records!$G:T,MTD!P$1,ecommerce_sales_1000_records!$C:P,MTD!$A2) -> 3764.08 | Q2: =SUMIFS(ecommerce_sales_1000_records!$E:S,ecommerce_sales_1000_records!$G:U,MTD!Q$1,ecommerce_sales_1000_records!$C:Q,MTD!$A2) -> 4876.19 | R2: =SUMIFS(ecommerce_sales_1000_records!$E:T,ecommerce_sales_1000_records!$G:V,MTD!R$1,ecommerce_sales_1000_records!$C:R,MTD!$A2) -> 0 | S2: =SUMIFS(ecommerce_sales_1000_records!$E:U,ecommerce_sales_1000_records!$G:W,MTD!S$1,ecommerce_sales_1000_records!$C:S,MTD!$A2) -> 0 | T2: =SUMIFS(ecommerce_sales_1000_records!$E:V,ecommerce_sales_1000_records!$G:X,MTD!T$1,ecommerce_sales_1000_records!$C:T,MTD!$A2) -> 7149.93 | U2: =SUMIFS(ecommerce_sales_1000_records!$E:W,ecommerce_sales_1000_records!$G:Y,MTD!U$1,ecommerce_sales_1000_records!$C:U,MTD!$A2) -> 0 | V2: =SUMIFS(ecommerce_sales_1000_records!$E:X,ecommerce_sales_1000_records!$G:Z,MTD!V$1,ecommerce_sales_1000_records!$C:V,MTD!$A2) -> 18443.7 | W2: =SUMIFS(ecommerce_sales_1000_records!$E:Y,ecommerce_sales_1000_records!$G:AA,MTD!W$1,ecommerce_sales_1000_records!$C:W,MTD!$A2) -> 0 | X2: =SUMIFS(ecommerce_sales_1000_records!$E:Z,ecommerce_sales_1000_records!$G:AB,MTD!X$1,ecommerce_sales_1000_records!$C:X,MTD!$A2) -> 0 | Y2: =SUMIFS(ecommerce_sales_1000_records!$E:AA,ecommerce_sales_1000_records!$G:AC,MTD!Y$1,ecommerce_sales_1000_records!$C:Y,MTD!$A2) -> 0 | Z2: =SUMIFS(ecommerce_sales_1000_records!$E:AB,ecommerce_sales_1000_records!$G:AD,MTD!Z$1,ecommerce_sales_1000_records!$C:Z,MTD!$A2) -> 8603.08 | AA2: =SUMIFS(ecommerce_sales_1000_records!$E:AC,ecommerce_sales_1000_records!$G:AE,MTD!AA$1,ecommerce_sales_1000_records!$C:AA,MTD!$A2) -> 1735.31 | AB2: =SUMIFS(ecommerce_sales_1000_records!$E:AD,ecommerce_sales_1000_records!$G:AF,MTD!AB$1,ecommerce_sales_1000_records!$C:AB,MTD!$A2) -> 0 | AC2: =SUMIFS(ecommerce_sales_1000_records!$E:AE,ecommerce_sales_1000_records!$G:AG,MTD!AC$1,ecommerce_sales_1000_records!$C:AC,MTD!$A2) -> 1931.38 | AD2: =SUMIFS(ecommerce_sales_1000_records!$E:AF,ecommerce_sales_1000_records!$G:AH,MTD!AD$1,ecommerce_sales_1000_records!$C:AD,MTD!$A2) -> 1641.82 | AE2: =SUMIFS(ecommerce_sales_1000_records!$E:AG,ecommerce_sales_1000_records!$G:AI,MTD!AE$1,ecommerce_sales_1000_records!$C:AE,MTD!$A2) -> 0 | AF2: =SUMIFS(ecommerce_sales_1000_records!$E:AH,ecommerce_sales_1000_records!$G:AJ,MTD!AF$1,ecommerce_sales_1000_records!$C:AF,MTD!$A2) -> 1739.21 | AG2: =SUMIFS(ecommerce_sales_1000_records!$E:AI,ecommerce_sales_1000_records!$G:AK,MTD!AG$1,ecommerce_sales_1000_records!$C:AG,MTD!$A2) -> 1623.34
A3: Electronics | B3: =SUM(C3:AG3) -> 1518548 | C3: =SUMIFS(ecommerce_sales_1000_records!$E:E,ecommerce_sales_1000_records!$G:G,MTD!C$1,ecommerce_sales_1000_records!$C:C,MTD!$A3) -> 39574.34 | D3: =SUMIFS(ecommerce_sales_1000_records!$E:F,ecommerce_sales_1000_records!$G:H,MTD!D$1,ecommerce_sales_1000_records!$C:D,MTD!$A3) -> 90019.45 | E3: =SUMIFS(ecommerce_sales_1000_records!$E:G,ecommerce_sales_1000_records!$G:I,MTD!E$1,ecommerce_sales_1000_records!$C:E,MTD!$A3) -> 25731.99 | F3: =SUMIFS(ecommerce_sales_1000_records!$E:H,ecommerce_sales_1000_records!$G:J,MTD!F$1,ecommerce_sales_1000_records!$C:F,MTD!$A3) -> 82172.81 | G3: =SUMIFS(ecommerce_sales_1000_records!$E:I,ecommerce_sales_1000_records!$G:K,MTD!G$1,ecommerce_sales_1000_records!$C:G,MTD!$A3) -> 61141.17 | H3: =SUMIFS(ecommerce_sales_1000_records!$E:J,ecommerce_sales_1000_records!$G:L,MTD!H$1,ecommerce_sales_1000_records!$C:H,MTD!$A3) -> 114777.22 | I3: =SUMIFS(ecommerce_sales_1000_records!$E:K,ecommerce_sales_1000_records!$G:M,MTD!I$1,ecommerce_sales_1000_records!$C:I,MTD!$A3) -> 0 | J3: =SUMIFS(ecommerce_sales_1000_records!$E:L,ecommerce_sales_1000_records!$G:N,MTD!J$1,ecommerce_sales_1000_records!$C:J,MTD!$A3) -> 27684.6 | K3: =SUMIFS(ecommerce_sales_1000_records!$E:M,ecommerce_sales_1000_records!$G:O,MTD!K$1,ecommerce_sales_1000_records!$C:K,MTD!$A3) -> 81539.12 | L3: =SUMIFS(ecommerce_sales_1000_records!$E:N,ecommerce_sales_1000_records!$G:P,MTD!L$1,ecommerce_sales_1000_records!$C:L,MTD!$A3) -> 25774.8 | M3: =SUMIFS(ecommerce_sales_1000_records!$E:O,ecommerce_sales_1000_records!$G:Q,MTD!M$1,ecommerce_sales_1000_records!$C:M,MTD!$A3) -> 72650.23 | N3: =SUMIFS(ecommerce_sales_1000_records!$E:P,ecommerce_sales_1000_records!$G:R,MTD!N$1,ecommerce_sales_1000_records!$C:N,MTD!$A3) -> 50195.61 | O3: =SUMIFS(ecommerce_sales_1000_records!$E:Q,ecommerce_sales_1000_records!$G:S,MTD!O$1,ecommerce_sales_1000_records!$C:O,MTD!$A3) -> 16641.1 | P3: =SUMIFS(ecommerce_sales_1000_records!$E:R,ecommerce_sales_1000_records!$G:T,MTD!P$1,ecommerce_sales_1000_records!$C:P,MTD!$A3) -> 46596.67 | Q3: =SUMIFS(ecommerce_sales_1000_records!$E:S,ecommerce_sales_1000_records!$G:U,MTD!Q$1,ecommerce_sales_1000_records!$C:Q,MTD!$A3) -> 25541.36 | R3: =SUMIFS(ecommerce_sales_1000_records!$E:T,ecommerce_sales_1000_records!$G:V,MTD!R$1,ecommerce_sales_1000_records!$C:R,MTD!$A3) -> 0 | S3: =SUMIFS(ecommerce_sales_1000_records!$E:U,ecommerce_sales_1000_records!$G:W,MTD!S$1,ecommerce_sales_1000_records!$C:S,MTD!$A3) -> 0 | T3: =SUMIFS(ecommerce_sales_1000_records!$E:V,ecommerce_sales_1000_records!$G:X,MTD!T$1,ecommerce_sales_1000_records!$C:T,MTD!$A3) -> 107494.87 | U3: =SUMIFS(ecommerce_sales_1000_records!$E:W,ecommerce_sales_1000_records!$G:Y,MTD!U$1,ecommerce_sales_1000_records!$C:U,MTD!$A3) -> 144208.21 | V3: =SUMIFS(ecommerce_sales_1000_records!$E:X,ecommerce_sales_1000_records!$G:Z,MTD!V$1,ecommerce_sales_1000_records!$C:V,MTD!$A3) -> 90186.18 | W3: =SUMIFS(ecommerce_sales_1000_records!$E:Y,ecommerce_sales_1000_records!$G:AA,MTD!W$1,ecommerce_sales_1000_records!$C:W,MTD!$A3) -> 3810.2 | X3: =SUMIFS(ecommerce_sales_1000_records!$E:Z,ecommerce_sales_1000_records!$G:AB,MTD!X$1,ecommerce_sales_1000_records!$C:X,MTD!$A3) -> 80616.57 | Y3: =SUMIFS(ecommerce_sales_1000_records!$E:AA,ecommerce_sales_1000_records!$G:AC,MTD!Y$1,ecommerce_sales_1000_records!$C:Y,MTD!$A3) -> 1570.94 | Z3: =SUMIFS(ecommerce_sales_1000_records!$E:AB,ecommerce_sales_1000_records!$G:AD,MTD!Z$1,ecommerce_sales_1000_records!$C:Z,MTD!$A3) -> 0 | AA3: =SUMIFS(ecommerce_sales_1000_records!$E:AC,ecommerce_sales_1000_records!$G:AE,MTD!AA$1,ecommerce_sales_1000_records!$C:AA,MTD!$A3) -> 17818.55 | AB3: =SUMIFS(ecommerce_sales_1000_records!$E:AD,ecommerce_sales_1000_records!$G:AF,MTD!AB$1,ecommerce_sales_1000_records!$C:AB,MTD!$A3) -> 0 | AC3: =SUMIFS(ecommerce_sales_1000_records!$E:AE,ecommerce_sales_1000_records!$G:AG,MTD!AC$1,ecommerce_sales_1000_records!$C:AC,MTD!$A3) -> 115436.6 | AD3: =SUMIFS(ecommerce_sales_1000_records!$E:AF,ecommerce_sales_1000_records!$G:AH,MTD!AD$1,ecommerce_sales_1000_records!$C:AD,MTD!$A3) -> 71299.45 | AE3: =SUMIFS(ecommerce_sales_1000_records!$E:AG,ecommerce_sales_1000_records!$G:AI,MTD!AE$1,ecommerce_sales_1000_records!$C:AE,MTD!$A3) -> 55952.7 | AF3: =SUMIFS(ecommerce_sales_1000_records!$E:AH,ecommerce_sales_1000_records!$G:AJ,MTD!AF$1,ecommerce_sales_1000_records!$C:AF,MTD!$A3) -> 50448.34 | AG3: =SUMIFS(ecommerce_sales_1000_records!$E:AI,ecommerce_sales_1000_records!$G:AK,MTD!AG$1,ecommerce_sales_1000_records!$C:AG,MTD!$A3) -> 19664.91
A4: Books | B4: =SUM(C4:AG4) -> 6033.74 | C4: =SUMIFS(ecommerce_sales_1000_records!$E:E,ecommerce_sales_1000_records!$G:G,MTD!C$1,ecommerce_sales_1000_records!$C:C,MTD!$A4) -> 0 | D4: =SUMIFS(ecommerce_sales_1000_records!$E:F,ecommerce_sales_1000_records!$G:H,MTD!D$1,ecommerce_sales_1000_records!$C:D,MTD!$A4) -> 425.71 | E4: =SUMIFS(ecommerce_sales_1000_records!$E:G,ecommerce_sales_1000_records!$G:I,MTD!E$1,ecommerce_sales_1000_records!$C:E,MTD!$A4) -> 0 | F4: =SUMIFS(ecommerce_sales_1000_records!$E:H,ecommerce_sales_1000_records!$G:J,MTD!F$1,ecommerce_sales_1000_records!$C:F,MTD!$A4) -> 0 | G4: =SUMIFS(ecommerce_sales_1000_records!$E:I,ecommerce_sales_1000_records!$G:K,MTD!G$1,ecommerce_sales_1000_records!$C:G,MTD!$A4) -> 0 | H4: =SUMIFS(ecommerce_sales_1000_records!$E:J,ecommerce_sales_1000_records!$G:L,MTD!H$1,ecommerce_sales_1000_records!$C:H,MTD!$A4) -> 0 | I4: =SUMIFS(ecommerce_sales_1000_records!$E:K,ecommerce_sales_1000_records!$G:M,MTD!I$1,ecommerce_sales_1000_records!$C:I,MTD!$A4) -> 0 | J4: =SUMIFS(ecommerce_sales_1000_records!$E:L,ecommerce_sales_1000_records!$G:N,MTD!J$1,ecommerce_sales_1000_records!$C:J,MTD!$A4) -> 0 | K4: =SUMIFS(ecommerce_sales_1000_records!$E:M,ecommerce_sales_1000_records!$G:O,MTD!K$1,ecommerce_sales_1000_records!$C:K,MTD!$A4) -> 489.51 | L4: =SUMIFS(ecommerce_sales_1000_records!$E:N,ecommerce_sales_1000_records!$G:P,MTD!L$1,ecommerce_sales_1000_records!$C:L,MTD!$A4) -> 466.27 | M4: =SUMIFS(ecommerce_sales_1000_records!$E:O,ecommerce_sales_1000_records!$G:Q,MTD!M$1,ecommerce_sales_1000_records!$C:M,MTD!$A4) -> 476.66 | N4: =SUMIFS(ecommerce_sales_1000_records!$E:P,ecommerce_sales_1000_records!$G:R,MTD!N$1,ecommerce_sales_1000_records!$C:N,MTD!$A4) -> 932.91 | O4: =SUMIFS(ecommerce_sales_1000_records!$E:Q,ecommerce_sales_1000_records!$G:S,MTD!O$1,ecommerce_sales_1000_records!$C:O,MTD!$A4) -> 0 | P4: =SUMIFS(ecommerce_sales_1000_records!$E:R,ecommerce_sales_1000_records!$G:T,MTD!P$1,ecommerce_sales_1000_records!$C:P,MTD!$A4) -> 0 | Q4: =SUMIFS(ecommerce_sales_1000_records!$E:S,ecommerce_sales_1000_records!$G:U,MTD!Q$1,ecommerce_sales_1000_records!$C:Q,MTD!$A4) -> 0 | R4: =SUMIFS(ecommerce_sales_1000_records!$E:T,ecommerce_sales_1000_records!$G:V,MTD!R$1,ecommerce_sales_1000_records!$C:R,MTD!$A4) -> 0 | S4: =SUMIFS(ecommerce_sales_1000_records!$E:U,ecommerce_sales_1000_records!$G:W,MTD!S$1,ecommerce_sales_1000_records!$C:S,MTD!$A4) -> 476.03 | T4: =SUMIFS(ecommerce_sales_1000_records!$E:V,ecommerce_sales_1000_records!$G:X,MTD!T$1,ecommerce_sales_1000_records!$C:T,MTD!$A4) -> 472.17 | U4: =SUMIFS(ecommerce_sales_1000_records!$E:W,ecommerce_sales_1000_records!$G:Y,MTD!U$1,ecommerce_sales_1000_records!$C:U,MTD!$A4) -> 0 | V4: =SUMIFS(ecommerce_sales_1000_records!$E:X,ecommerce_sales_1000_records!$G:Z,MTD!V$1,ecommerce_sales_1000_records!$C:V,MTD!$A4) -> 0 | W4: =SUMIFS(ecommerce_sales_1000_records!$E:Y,ecommerce_sales_1000_records!$G:AA,MTD!W$1,ecommerce_sales_1000_records!$C:W,MTD!$A4) -> 0 | X4: =SUMIFS(ecommerce_sales_1000_records!$E:Z,ecommerce_sales_1000_records!$G:AB,MTD!X$1,ecommerce_sales_1000_records!$C:X,MTD!$A4) -> 440.47 | Y4: =SUMIFS(ecommerce_sales_1000_records!$E:AA,ecommerce_sales_1000_records!$G:AC,MTD!Y$1,ecommerce_sales_1000_records!$C:Y,MTD!$A4) -> 0 | Z4: =SUMIFS(ecommerce_sales_1000_records!$E:AB,ecommerce_sales_1000_records!$G:AD,MTD!Z$1,ecommerce_sales_1000_records!$C:Z,MTD!$A4) -> 0 | AA4: =SUMIFS(ecommerce_sales_1000_records!$E:AC,ecommerce_sales_1000_records!$G:AE,MTD!AA$1,ecommerce_sales_1000_records!$C:AA,MTD!$A4) -> 0 | AB4: =SUMIFS(ecommerce_sales_1000_records!$E:AD,ecommerce_sales_1000_records!$G:AF,MTD!AB$1,ecommerce_sales_1000_records!$C:AB,MTD!$A4) -> 482.4 | AC4: =SUMIFS(ecommerce_sales_1000_records!$E:AE,ecommerce_sales_1000_records!$G:AG,MTD!AC$1,ecommerce_sales_1000_records!$C:AC,MTD!$A4) -> 454.09 | AD4: =SUMIFS(ecommerce_sales_1000_records!$E:AF,ecommerce_sales_1000_records!$G:AH,MTD!AD$1,ecommerce_sales_1000_records!$C:AD,MTD!$A4) -> 0 | AE4: =SUMIFS(ecommerce_sales_1000_records!$E:AG,ecommerce_sales_1000_records!$G:AI,MTD!AE$1,ecommerce_sales_1000_records!$C:AE,MTD!$A4) -> 452.03 | AF4: =SUMIFS(ecommerce_sales_1000_records!$E:AH,ecommerce_sales_1000_records!$G:AJ,MTD!AF$1,ecommerce_sales_1000_records!$C:AF,MTD!$A4) -> 0 | AG4: =SUMIFS(ecommerce_sales_1000_records!$E:AI,ecommerce_sales_1000_records!$G:AK,MTD!AG$1,ecommerce_sales_1000_records!$C:AG,MTD!$A4) -> 465.49
A5: Fashion | B5: =SUM(C5:AG5) -> 65031.48 | C5: =SUMIFS(ecommerce_sales_1000_records!$E:E,ecommerce_sales_1000_records!$G:G,MTD!C$1,ecommerce_sales_1000_records!$C:C,MTD!$A5) -> 4658 | D5: =SUMIFS(ecommerce_sales_1000_records!$E:F,ecommerce_sales_1000_records!$G:H,MTD!D$1,ecommerce_sales_1000_records!$C:D,MTD!$A5) -> 1914.82 | E5: =SUMIFS(ecommerce_sales_1000_records!$E:G,ecommerce_sales_1000_records!$G:I,MTD!E$1,ecommerce_sales_1000_records!$C:E,MTD!$A5) -> 766.73 | F5: =SUMIFS(ecommerce_sales_1000_records!$E:H,ecommerce_sales_1000_records!$G:J,MTD!F$1,ecommerce_sales_1000_records!$C:F,MTD!$A5) -> 2185.24 | G5: =SUMIFS(ecommerce_sales_1000_records!$E:I,ecommerce_sales_1000_records!$G:K,MTD!G$1,ecommerce_sales_1000_records!$C:G,MTD!$A5) -> 1865.02 | H5: =SUMIFS(ecommerce_sales_1000_records!$E:J,ecommerce_sales_1000_records!$G:L,MTD!H$1,ecommerce_sales_1000_records!$C:H,MTD!$A5) -> 2396.98 | I5: =SUMIFS(ecommerce_sales_1000_records!$E:K,ecommerce_sales_1000_records!$G:M,MTD!I$1,ecommerce_sales_1000_records!$C:I,MTD!$A5) -> 847.99 | J5: =SUMIFS(ecommerce_sales_1000_records!$E:L,ecommerce_sales_1000_records!$G:N,MTD!J$1,ecommerce_sales_1000_records!$C:J,MTD!$A5) -> 0 | K5: =SUMIFS(ecommerce_sales_1000_records!$E:M,ecommerce_sales_1000_records!$G:O,MTD!K$1,ecommerce_sales_1000_records!$C:K,MTD!$A5) -> 3744.79 | L5: =SUMIFS(ecommerce_sales_1000_records!$E:N,ecommerce_sales_1000_records!$G:P,MTD!L$1,ecommerce_sales_1000_records!$C:L,MTD!$A5) -> 5556.19 | M5: =SUMIFS(ecommerce_sales_1000_records!$E:O,ecommerce_sales_1000_records!$G:Q,MTD!M$1,ecommerce_sales_1000_records!$C:M,MTD!$A5) -> 3430.55 | N5: =SUMIFS(ecommerce_sales_1000_records!$E:P,ecommerce_sales_1000_records!$G:R,MTD!N$1,ecommerce_sales_1000_records!$C:N,MTD!$A5) -> 0 | O5: =SUMIFS(ecommerce_sales_1000_records!$E:Q,ecommerce_sales_1000_records!$G:S,MTD!O$1,ecommerce_sales_1000_records!$C:O,MTD!$A5) -> 0 | P5: =SUMIFS(ecommerce_sales_1000_records!$E:R,ecommerce_sales_1000_records!$G:T,MTD!P$1,ecommerce_sales_1000_records!$C:P,MTD!$A5) -> 0 | Q5: =SUMIFS(ecommerce_sales_1000_records!$E:S,ecommerce_sales_1000_records!$G:U,MTD!Q$1,ecommerce_sales_1000_records!$C:Q,MTD!$A5) -> 797.47 | R5: =SUMIFS(ecommerce_sales_1000_records!$E:T,ecommerce_sales_1000_records!$G:V,MTD!R$1,ecommerce_sales_1000_records!$C:R,MTD!$A5) -> 2708.31 | S5: =SUMIFS(ecommerce_sales_1000_records!$E:U,ecommerce_sales_1000_records!$G:W,MTD!S$1,ecommerce_sales_1000_records!$C:S,MTD!$A5) -> 2679.45 | T5: =SUMIFS(ecommerce_sales_1000_records!$E:V,ecommerce_sales_1000_records!$G:X,MTD!T$1,ecommerce_sales_1000_records!$C:T,MTD!$A5) -> 5390.28 | U5: =SUMIFS(ecommerce_sales_1000_records!$E:W,ecommerce_sales_1000_records!$G:Y,MTD!U$1,ecommerce_sales_1000_records!$C:U,MTD!$A5) -> 4944.94 | V5: =SUMIFS(ecommerce_sales_1000_records!$E:X,ecommerce_sales_1000_records!$G:Z,MTD!V$1,ecommerce_sales_1000_records!$C:V,MTD!$A5) -> 2692.89 | W5: =SUMIFS(ecommerce_sales_1000_records!$E:Y,ecommerce_sales_1000_records!$G:AA,MTD!W$1,ecommerce_sales_1000_records!$C:W,MTD!$A5) -> 2708.2 | X5: =SUMIFS(ecommerce_sales_1000_records!$E:Z,ecommerce_sales_1000_records!$G:AB,MTD!X$1,ecommerce_sales_1000_records!$C:X,MTD!$A5) -> 0 | Y5: =SUMIFS(ecommerce_sales_1000_records!$E:AA,ecommerce_sales_1000_records!$G:AC,MTD!Y$1,ecommerce_sales_1000_records!$C:Y,MTD!$A5) -> 864.65 | Z5: =SUMIFS(ecommerce_sales_1000_records!$E:AB,ecommerce_sales_1000_records!$G:AD,MTD!Z$1,ecommerce_sales_1000_records!$C:Z,MTD!$A5) -> 3487.9 | AA5: =SUMIFS(ecommerce_sales_1000_records!$E:AC,ecommerce_sales_1000_records!$G:AE,MTD!AA$1,ecommerce_sales_1000_records!$C:AA,MTD!$A5) -> 0 | AB5: =SUMIFS(ecommerce_sales_1000_records!$E:AD,ecommerce_sales_1000_records!$G:AF,MTD!AB$1,ecommerce_sales_1000_records!$C:AB,MTD!$A5) -> 7467.16 | AC5: =SUMIFS(ecommerce_sales_1000_records!$E:AE,ecommerce_sales_1000_records!$G:AG,MTD!AC$1,ecommerce_sales_1000_records!$C:AC,MTD!$A5) -> 1887.41 | AD5: =SUMIFS(ecommerce_sales_1000_records!$E:AF,ecommerce_sales_1000_records!$G:AH,MTD!AD$1,ecommerce_sales_1000_records!$C:AD,MTD!$A5) -> 2036.51 | AE5: =SUMIFS(ecommerce_sales_1000_records!$E:AG,ecommerce_sales_1000_records!$G:AI,MTD!AE$1,ecommerce_sales_1000_records!$C:AE,MTD!$A5) -> 0 | AF5: =SUMIFS(ecommerce_sales_1000_records!$E:AH,ecommerce_sales_1000_records!$G:AJ,MTD!AF$1,ecommerce_sales_1000_records!$C:AF,MTD!$A5) -> 0 | AG5: =SUMIFS(ecommerce_sales_1000_records!$E:AI,ecommerce_sales_1000_records!$G:AK,MTD!AG$1,ecommerce_sales_1000_records!$C:AG,MTD!$A5) -> 0
A6: Home Appliances | B6: =SUM(C6:AG6) -> 154798.52 | C6: =SUMIFS(ecommerce_sales_1000_records!$E:E,ecommerce_sales_1000_records!$G:G,MTD!C$1,ecommerce_sales_1000_records!$C:C,MTD!$A6) -> 4391.4 | D6: =SUMIFS(ecommerce_sales_1000_records!$E:F,ecommerce_sales_1000_records!$G:H,MTD!D$1,ecommerce_sales_1000_records!$C:D,MTD!$A6) -> 3898.75 | E6: =SUMIFS(ecommerce_sales_1000_records!$E:G,ecommerce_sales_1000_records!$G:I,MTD!E$1,ecommerce_sales_1000_records!$C:E,MTD!$A6) -> 0 | F6: =SUMIFS(ecommerce_sales_1000_records!$E:H,ecommerce_sales_1000_records!$G:J,MTD!F$1,ecommerce_sales_1000_records!$C:F,MTD!$A6) -> 3218.54 | G6: =SUMIFS(ecommerce_sales_1000_records!$E:I,ecommerce_sales_1000_records!$G:K,MTD!G$1,ecommerce_sales_1000_records!$C:G,MTD!$A6) -> 0 | H6: =SUMIFS(ecommerce_sales_1000_records!$E:J,ecommerce_sales_1000_records!$G:L,MTD!H$1,ecommerce_sales_1000_records!$C:H,MTD!$A6) -> 0 | I6: =SUMIFS(ecommerce_sales_1000_records!$E:K,ecommerce_sales_1000_records!$G:M,MTD!I$1,ecommerce_sales_1000_records!$C:I,MTD!$A6) -> 13295.39 | J6: =SUMIFS(ecommerce_sales_1000_records!$E:L,ecommerce_sales_1000_records!$G:N,MTD!J$1,ecommerce_sales_1000_records!$C:J,MTD!$A6) -> 0 | K6: =SUMIFS(ecommerce_sales_1000_records!$E:M,ecommerce_sales_1000_records!$G:O,MTD!K$1,ecommerce_sales_1000_records!$C:K,MTD!$A6) -> 0 | L6: =SUMIFS(ecommerce_sales_1000_records!$E:N,ecommerce_sales_1000_records!$G:P,MTD!L$1,ecommerce_sales_1000_records!$C:L,MTD!$A6) -> 0 | M6: =SUMIFS(ecommerce_sales_1000_records!$E:O,ecommerce_sales_1000_records!$G:Q,MTD!M$1,ecommerce_sales_1000_records!$C:M,MTD!$A6) -> 7367.59 | N6: =SUMIFS(ecommerce_sales_1000_records!$E:P,ecommerce_sales_1000_records!$G:R,MTD!N$1,ecommerce_sales_1000_records!$C:N,MTD!$A6) -> 3771.32 | O6: =SUMIFS(ecommerce_sales_1000_records!$E:Q,ecommerce_sales_1000_records!$G:S,MTD!O$1,ecommerce_sales_1000_records!$C:O,MTD!$A6) -> 0 | P6: =SUMIFS(ecommerce_sales_1000_records!$E:R,ecommerce_sales_1000_records!$G:T,MTD!P$1,ecommerce_sales_1000_records!$C:P,MTD!$A6) -> 19957.63 | Q6: =SUMIFS(ecommerce_sales_1000_records!$E:S,ecommerce_sales_1000_records!$G:U,MTD!Q$1,ecommerce_sales_1000_records!$C:Q,MTD!$A6) -> 7486.65 | R6: =SUMIFS(ecommerce_sales_1000_records!$E:T,ecommerce_sales_1000_records!$G:V,MTD!R$1,ecommerce_sales_1000_records!$C:R,MTD!$A6) -> 14318.42 | S6: =SUMIFS(ecommerce_sales_1000_records!$E:U,ecommerce_sales_1000_records!$G:W,MTD!S$1,ecommerce_sales_1000_records!$C:S,MTD!$A6) -> 0 | T6: =SUMIFS(ecommerce_sales_1000_records!$E:V,ecommerce_sales_1000_records!$G:X,MTD!T$1,ecommerce_sales_1000_records!$C:T,MTD!$A6) -> 0 | U6: =SUMIFS(ecommerce_sales_1000_records!$E:W,ecommerce_sales_1000_records!$G:Y,MTD!U$1,ecommerce_sales_1000_records!$C:U,MTD!$A6) -> 10601.16 | V6: =SUMIFS(ecommerce_sales_1000_records!$E:X,ecommerce_sales_1000_records!$G:Z,MTD!V$1,ecommerce_sales_1000_records!$C:V,MTD!$A6) -> 8224.79 | W6: =SUMIFS(ecommerce_sales_1000_records!$E:Y,ecommerce_sales_1000_records!$G:AA,MTD!W$1,ecommerce_sales_1000_records!$C:W,MTD!$A6) -> 12743.97 | X6: =SUMIFS(ecommerce_sales_1000_records!$E:Z,ecommerce_sales_1000_records!$G:AB,MTD!X$1,ecommerce_sales_1000_records!$C:X,MTD!$A6) -> 0 | Y6: =SUMIFS(ecommerce_sales_1000_records!$E:AA,ecommerce_sales_1000_records!$G:AC,MTD!Y$1,ecommerce_sales_1000_records!$C:Y,MTD!$A6) -> 9977.99 | Z6: =SUMIFS(ecommerce_sales_1000_records!$E:AB,ecommerce_sales_1000_records!$G:AD,MTD!Z$1,ecommerce_sales_1000_records!$C:Z,MTD!$A6) -> 3463.72 | AA6: =SUMIFS(ecommerce_sales_1000_records!$E:AC,ecommerce_sales_1000_records!$G:AE,MTD!AA$1,ecommerce_sales_1000_records!$C:AA,MTD!$A6) -> 6524.83 | AB6: =SUMIFS(ecommerce_sales_1000_records!$E:AD,ecommerce_sales_1000_records!$G:AF,MTD!AB$1,ecommerce_sales_1000_records!$C:AB,MTD!$A6) -> 0 | AC6: =SUMIFS(ecommerce_sales_1000_records!$E:AE,ecommerce_sales_1000_records!$G:AG,MTD!AC$1,ecommerce_sales_1000_records!$C:AC,MTD!$A6) -> 3989.88 | AD6: =SUMIFS(ecommerce_sales_1000_records!$E:AF,ecommerce_sales_1000_records!$G:AH,MTD!AD$1,ecommerce_sales_1000_records!$C:AD,MTD!$A6) -> 13528.43 | AE6: =SUMIFS(ecommerce_sales_1000_records!$E:AG,ecommerce_sales_1000_records!$G:AI,MTD!AE$1,ecommerce_sales_1000_records!$C:AE,MTD!$A6) -> 0 | AF6: =SUMIFS(ecommerce_sales_1000_records!$E:AH,ecommerce_sales_1000_records!$G:AJ,MTD!AF$1,ecommerce_sales_1000_records!$C:AF,MTD!$A6) -> 4617.17 | AG6: =SUMIFS(ecommerce_sales_1000_records!$E:AI,ecommerce_sales_1000_records!$G:AK,MTD!AG$1,ecommerce_sales_1000_records!$C:AG,MTD!$A6) -> 3420.89
A7: Total Sales : | B7: =SUM(B2:B6) -> 1811770.1 | C7: =SUM(C2:C6) -> 50325.97 | D7: =SUM(D2:D6) -> 96258.73 | E7: =SUM(E2:E6) -> 28283.32 | F7: =SUM(F2:F6) -> 87576.59 | G7: =SUM(G2:G6) -> 63006.19 | H7: =SUM(H2:H6) -> 117174.2 | I7: =SUM(I2:I6) -> 14143.38 | ... AG7: =SUM(AG2:AG6) -> 25174.63
A9: Date | B9: 46054 | C9: 46054 | D9: =C9+1 -> 46055 | E9: =D9+1 -> 46056 | F9: =E9+1 -> 46057 | G9: =F9+1 -> 46058 | H9: =G9+1 -> 46059 | I9: =H9+1 -> 46060 | J9: =I9+1 -> 46061 | K9: =J9+1 -> 46062 | ... AD9: =AC9+1 -> 46081
A10: Accessories | B10: =SUM(C10:AG10) -> 99356.48 | C10: =SUMIFS(ecommerce_sales_1000_records!$E:E,ecommerce_sales_1000_records!$G:G,C$9,ecommerce_sales_1000_records!$C:C,MTD!$A10) -> 5409.63 | D10: =SUMIFS(ecommerce_sales_1000_records!$E:F,ecommerce_sales_1000_records!$G:H,D$9,ecommerce_sales_1000_records!$C:D,MTD!$A10) -> 12353.54 | E10: =SUMIFS(ecommerce_sales_1000_records!$E:G,ecommerce_sales_1000_records!$G:I,E$9,ecommerce_sales_1000_records!$C:E,MTD!$A10) -> 1935.5 | F10: =SUMIFS(ecommerce_sales_1000_records!$E:H,ecommerce_sales_1000_records!$G:J,F$9,ecommerce_sales_1000_records!$C:F,MTD!$A10) -> 5469.4 | G10: =SUMIFS(ecommerce_sales_1000_records!$E:I,ecommerce_sales_1000_records!$G:K,G$9,ecommerce_sales_1000_records!$C:G,MTD!$A10) -> 1649.51 | H10: =SUMIFS(ecommerce_sales_1000_records!$E:J,ecommerce_sales_1000_records!$G:L,H$9,ecommerce_sales_1000_records!$C:H,MTD!$A10) -> 0 | I10: =SUMIFS(ecommerce_sales_1000_records!$E:K,ecommerce_sales_1000_records!$G:M,I$9,ecommerce_sales_1000_records!$C:I,MTD!$A10) -> 1898.86 | J10: =SUMIFS(ecommerce_sales_1000_records!$E:L,ecommerce_sales_1000_records!$G:N,J$9,ecommerce_sales_1000_records!$C:J,MTD!$A10) -> 4980.93 | K10: =SUMIFS(ecommerce_sales_1000_records!$E:M,ecommerce_sales_1000_records!$G:O,K$9,ecommerce_sales_1000_records!$C:K,MTD!$A10) -> 12042.54 | L10: =SUMIFS(ecommerce_sales_1000_records!$E:N,ecommerce_sales_1000_records!$G:P,L$9,ecommerce_sales_1000_records!$C:L,MTD!$A10) -> 1660.7 | M10: =SUMIFS(ecommerce_sales_1000_records!$E:O,ecommerce_sales_1000_records!$G:Q,M$9,ecommerce_sales_1000_records!$C:M,MTD!$A10) -> 6632.38 | N10: =SUMIFS(ecommerce_sales_1000_records!$E:P,ecommerce_sales_1000_records!$G:R,N$9,ecommerce_sales_1000_records!$C:N,MTD!$A10) -> 0 | O10: =SUMIFS(ecommerce_sales_1000_records!$E:Q,ecommerce_sales_1000_records!$G:S,O$9,ecommerce_sales_1000_records!$C:O,MTD!$A10) -> 0 | P10: =SUMIFS(ecommerce_sales_1000_records!$E:R,ecommerce_sales_1000_records!$G:T,P$9,ecommerce_sales_1000_records!$C:P,MTD!$A10) -> 0 | Q10: =SUMIFS(ecommerce_sales_1000_records!$E:S,ecommerce_sales_1000_records!$G:U,Q$9,ecommerce_sales_1000_records!$C:Q,MTD!$A10) -> 4981.94 | R10: =SUMIFS(ecommerce_sales_1000_records!$E:T,ecommerce_sales_1000_records!$G:V,R$9,ecommerce_sales_1000_records!$C:R,MTD!$A10) -> 0 | S10: =SUMIFS(ecommerce_sales_1000_records!$E:U,ecommerce_sales_1000_records!$G:W,S$9,ecommerce_sales_1000_records!$C:S,MTD!$A10) -> 4648.29 | T10: =SUMIFS(ecommerce_sales_1000_records!$E:V,ecommerce_sales_1000_records!$G:X,T$9,ecommerce_sales_1000_records!$C:T,MTD!$A10) -> 1641.8 | U10: =SUMIFS(ecommerce_sales_1000_records!$E:W,ecommerce_sales_1000_records!$G:Y,U$9,ecommerce_sales_1000_records!$C:U,MTD!$A10) -> 0 | V10: =SUMIFS(ecommerce_sales_1000_records!$E:X,ecommerce_sales_1000_records!$G:Z,V$9,ecommerce_sales_1000_records!$C:V,MTD!$A10) -> 0 | W10: =SUMIFS(ecommerce_sales_1000_records!$E:Y,ecommerce_sales_1000_records!$G:AA,W$9,ecommerce_sales_1000_records!$C:W,MTD!$A10) -> 0 | X10: =SUMIFS(ecommerce_sales_1000_records!$E:Z,ecommerce_sales_1000_records!$G:AB,X$9,ecommerce_sales_1000_records!$C:X,MTD!$A10) -> 14171.33 | Y10: =SUMIFS(ecommerce_sales_1000_records!$E:AA,ecommerce_sales_1000_records!$G:AC,Y$9,ecommerce_sales_1000_records!$C:Y,MTD!$A10) -> 5032.18 | Z10: =SUMIFS(ecommerce_sales_1000_records!$E:AB,ecommerce_sales_1000_records!$G:AD,Z$9,ecommerce_sales_1000_records!$C:Z,MTD!$A10) -> 1873.33 | AA10: =SUMIFS(ecommerce_sales_1000_records!$E:AC,ecommerce_sales_1000_records!$G:AE,AA$9,ecommerce_sales_1000_records!$C:AA,MTD!$A10) -> 0 | AB10: =SUMIFS(ecommerce_sales_1000_records!$E:AD,ecommerce_sales_1000_records!$G:AF,AB$9,ecommerce_sales_1000_records!$C:AB,MTD!$A10) -> 9145.46 | AC10: =SUMIFS(ecommerce_sales_1000_records!$E:AE,ecommerce_sales_1000_records!$G:AG,AC$9,ecommerce_sales_1000_records!$C:AC,MTD!$A10) -> 1905.73 | AD10: =SUMIFS(ecommerce_sales_1000_records!$E:AF,ecommerce_sales_1000_records!$G:AH,AD$9,ecommerce_sales_1000_records!$C:AD,MTD!$A10) -> 1923.43
A11: Electronics | B11: =SUM(C11:AG11) -> 1044268.1 | C11: =SUMIFS(ecommerce_sales_1000_records!$E:E,ecommerce_sales_1000_records!$G:G,C$9,ecommerce_sales_1000_records!$C:C,MTD!$A11) -> 44869.68 | D11: =SUMIFS(ecommerce_sales_1000_records!$E:F,ecommerce_sales_1000_records!$G:H,D$9,ecommerce_sales_1000_records!$C:D,MTD!$A11) -> 51675.25 | E11: =SUMIFS(ecommerce_sales_1000_records!$E:G,ecommerce_sales_1000_records!$G:I,E$9,ecommerce_sales_1000_records!$C:E,MTD!$A11) -> 88395.01 | F11: =SUMIFS(ecommerce_sales_1000_records!$E:H,ecommerce_sales_1000_records!$G:J,F$9,ecommerce_sales_1000_records!$C:F,MTD!$A11) -> 86719.67 | G11: =SUMIFS(ecommerce_sales_1000_records!$E:I,ecommerce_sales_1000_records!$G:K,G$9,ecommerce_sales_1000_records!$C:G,MTD!$A11) -> 55306.63 | H11: =SUMIFS(ecommerce_sales_1000_records!$E:J,ecommerce_sales_1000_records!$G:L,H$9,ecommerce_sales_1000_records!$C:H,MTD!$A11) -> 80869.43 | I11: =SUMIFS(ecommerce_sales_1000_records!$E:K,ecommerce_sales_1000_records!$G:M,I$9,ecommerce_sales_1000_records!$C:I,MTD!$A11) -> 30081.01 | J11: =SUMIFS(ecommerce_sales_1000_records!$E:L,ecommerce_sales_1000_records!$G:N,J$9,ecommerce_sales_1000_records!$C:J,MTD!$A11) -> 50098.03 | K11: =SUMIFS(ecommerce_sales_1000_records!$E:M,ecommerce_sales_1000_records!$G:O,K$9,ecommerce_sales_1000_records!$C:K,MTD!$A11) -> 21260.61 | L11: =SUMIFS(ecommerce_sales_1000_records!$E:N,ecommerce_sales_1000_records!$G:P,L$9,ecommerce_sales_1000_records!$C:L,MTD!$A11) -> 84884.7 | M11: =SUMIFS(ecommerce_sales_1000_records!$E:O,ecommerce_sales_1000_records!$G:Q,M$9,ecommerce_sales_1000_records!$C:M,MTD!$A11) -> 1561.03 | N11: =SUMIFS(ecommerce_sales_1000_records!$E:P,ecommerce_sales_1000_records!$G:R,N$9,ecommerce_sales_1000_records!$C:N,MTD!$A11) -> 55880.26 | O11: =SUMIFS(ecommerce_sales_1000_records!$E:Q,ecommerce_sales_1000_records!$G:S,O$9,ecommerce_sales_1000_records!$C:O,MTD!$A11) -> 1506.33 | P11: =SUMIFS(ecommerce_sales_1000_records!$E:R,ecommerce_sales_1000_records!$G:T,P$9,ecommerce_sales_1000_records!$C:P,MTD!$A11) -> 2366.91 | Q11: =SUMIFS(ecommerce_sales_1000_records!$E:S,ecommerce_sales_1000_records!$G:U,Q$9,ecommerce_sales_1000_records!$C:Q,MTD!$A11) -> 1530.72 | R11: =SUMIFS(ecommerce_sales_1000_records!$E:T,ecommerce_sales_1000_records!$G:V,R$9,ecommerce_sales_1000_records!$C:R,MTD!$A11) -> 46180.33 | S11: =SUMIFS(ecommerce_sales_1000_records!$E:U,ecommerce_sales_1000_records!$G:W,S$9,ecommerce_sales_1000_records!$C:S,MTD!$A11) -> 2369.62 | T11: =SUMIFS(ecommerce_sales_1000_records!$E:V,ecommerce_sales_1000_records!$G:X,T$9,ecommerce_sales_1000_records!$C:T,MTD!$A11) -> 2969.23 | U11: =SUMIFS(ecommerce_sales_1000_records!$E:W,ecommerce_sales_1000_records!$G:Y,U$9,ecommerce_sales_1000_records!$C:U,MTD!$A11) -> 18087.79 | V11: =SUMIFS(ecommerce_sales_1000_records!$E:X,ecommerce_sales_1000_records!$G:Z,V$9,ecommerce_sales_1000_records!$C:V,MTD!$A11) -> 1530.61 | W11: =SUMIFS(ecommerce_sales_1000_records!$E:Y,ecommerce_sales_1000_records!$G:AA,W$9,ecommerce_sales_1000_records!$C:W,MTD!$A11) -> 17844.29 | X11: =SUMIFS(ecommerce_sales_1000_records!$E:Z,ecommerce_sales_1000_records!$G:AB,X$9,ecommerce_sales_1000_records!$C:X,MTD!$A11) -> 0 | Y11: =SUMIFS(ecommerce_sales_1000_records!$E:AA,ecommerce_sales_1000_records!$G:AC,Y$9,ecommerce_sales_1000_records!$C:Y,MTD!$A11) -> 2214.61 | Z11: =SUMIFS(ecommerce_sales_1000_records!$E:AB,ecommerce_sales_1000_records!$G:AD,Z$9,ecommerce_sales_1000_records!$C:Z,MTD!$A11) -> 87575.25 | AA11: =SUMIFS(ecommerce_sales_1000_records!$E:AC,ecommerce_sales_1000_records!$G:AE,AA$9,ecommerce_sales_1000_records!$C:AA,MTD!$A11) -> 50242.86 | AB11: =SUMIFS(ecommerce_sales_1000_records!$E:AD,ecommerce_sales_1000_records!$G:AF,AB$9,ecommerce_sales_1000_records!$C:AB,MTD!$A11) -> 29769.68 | AC11: =SUMIFS(ecommerce_sales_1000_records!$E:AE,ecommerce_sales_1000_records!$G:AG,AC$9,ecommerce_sales_1000_records!$C:AC,MTD!$A11) -> 80205.68 | AD11: =SUMIFS(ecommerce_sales_1000_records!$E:AF,ecommerce_sales_1000_records!$G:AH,AD$9,ecommerce_sales_1000_records!$C:AD,MTD!$A11) -> 48272.86
A12: Books | B12: =SUM(C12:AG12) -> 4974.32 | C12: =SUMIFS(ecommerce_sales_1000_records!$E:E,ecommerce_sales_1000_records!$G:G,C$9,ecommerce_sales_1000_records!$C:C,MTD!$A12) -> 487.91 | D12: =SUMIFS(ecommerce_sales_1000_records!$E:F,ecommerce_sales_1000_records!$G:H,D$9,ecommerce_sales_1000_records!$C:D,MTD!$A12) -> 0 | E12: =SUMIFS(ecommerce_sales_1000_records!$E:G,ecommerce_sales_1000_records!$G:I,E$9,ecommerce_sales_1000_records!$C:E,MTD!$A12) -> 0 | F12: =SUMIFS(ecommerce_sales_1000_records!$E:H,ecommerce_sales_1000_records!$G:J,F$9,ecommerce_sales_1000_records!$C:F,MTD!$A12) -> 412.56 | G12: =SUMIFS(ecommerce_sales_1000_records!$E:I,ecommerce_sales_1000_records!$G:K,G$9,ecommerce_sales_1000_records!$C:G,MTD!$A12) -> 0 | H12: =SUMIFS(ecommerce_sales_1000_records!$E:J,ecommerce_sales_1000_records!$G:L,H$9,ecommerce_sales_1000_records!$C:H,MTD!$A12) -> 0 | I12: =SUMIFS(ecommerce_sales_1000_records!$E:K,ecommerce_sales_1000_records!$G:M,I$9,ecommerce_sales_1000_records!$C:I,MTD!$A12) -> 477.04 | J12: =SUMIFS(ecommerce_sales_1000_records!$E:L,ecommerce_sales_1000_records!$G:N,J$9,ecommerce_sales_1000_records!$C:J,MTD!$A12) -> 0 | K12: =SUMIFS(ecommerce_sales_1000_records!$E:M,ecommerce_sales_1000_records!$G:O,K$9,ecommerce_sales_1000_records!$C:K,MTD!$A12) -> 0 | L12: =SUMIFS(ecommerce_sales_1000_records!$E:N,ecommerce_sales_1000_records!$G:P,L$9,ecommerce_sales_1000_records!$C:L,MTD!$A12) -> 484.5 | M12: =SUMIFS(ecommerce_sales_1000_records!$E:O,ecommerce_sales_1000_records!$G:Q,M$9,ecommerce_sales_1000_records!$C:M,MTD!$A12) -> 491.74 | N12: =SUMIFS(ecommerce_sales_1000_records!$E:P,ecommerce_sales_1000_records!$G:R,N$9,ecommerce_sales_1000_records!$C:N,MTD!$A12) -> 0 | O12: =SUMIFS(ecommerce_sales_1000_records!$E:Q,ecommerce_sales_1000_records!$G:S,O$9,ecommerce_sales_1000_records!$C:O,MTD!$A12) -> 0 | P12: =SUMIFS(ecommerce_sales_1000_records!$E:R,ecommerce_sales_1000_records!$G:T,P$9,ecommerce_sales_1000_records!$C:P,MTD!$A12) -> 878.25 | Q12: =SUMIFS(ecommerce_sales_1000_records!$E:S,ecommerce_sales_1000_records!$G:U,Q$9,ecommerce_sales_1000_records!$C:Q,MTD!$A12) -> 0 | R12: =SUMIFS(ecommerce_sales_1000_records!$E:T,ecommerce_sales_1000_records!$G:V,R$9,ecommerce_sales_1000_records!$C:R,MTD!$A12) -> 433.94 | S12: =SUMIFS(ecommerce_sales_1000_records!$E:U,ecommerce_sales_1000_records!$G:W,S$9,ecommerce_sales_1000_records!$C:S,MTD!$A12) -> 0 | T12: =SUMIFS(ecommerce_sales_1000_records!$E:V,ecommerce_sales_1000_records!$G:X,T$9,ecommerce_sales_1000_records!$C:T,MTD!$A12) -> 415.41 | U12: =SUMIFS(ecommerce_sales_1000_records!$E:W,ecommerce_sales_1000_records!$G:Y,U$9,ecommerce_sales_1000_records!$C:U,MTD!$A12) -> 0 | V12: =SUMIFS(ecommerce_sales_1000_records!$E:X,ecommerce_sales_1000_records!$G:Z,V$9,ecommerce_sales_1000_records!$C:V,MTD!$A12) -> 0 | W12: =SUMIFS(ecommerce_sales_1000_records!$E:Y,ecommerce_sales_1000_records!$G:AA,W$9,ecommerce_sales_1000_records!$C:W,MTD!$A12) -> 0 | X12: =SUMIFS(ecommerce_sales_1000_records!$E:Z,ecommerce_sales_1000_records!$G:AB,X$9,ecommerce_sales_1000_records!$C:X,MTD!$A12) -> 485.11 | Y12: =SUMIFS(ecommerce_sales_1000_records!$E:AA,ecommerce_sales_1000_records!$G:AC,Y$9,ecommerce_sales_1000_records!$C:Y,MTD!$A12) -> 0 | Z12: =SUMIFS(ecommerce_sales_1000_records!$E:AB,ecommerce_sales_1000_records!$G:AD,Z$9,ecommerce_sales_1000_records!$C:Z,MTD!$A12) -> 0 | AA12: =SUMIFS(ecommerce_sales_1000_records!$E:AC,ecommerce_sales_1000_records!$G:AE,AA$9,ecommerce_sales_1000_records!$C:AA,MTD!$A12) -> 407.86 | AB12: =SUMIFS(ecommerce_sales_1000_records!$E:AD,ecommerce_sales_1000_records!$G:AF,AB$9,ecommerce_sales_1000_records!$C:AB,MTD!$A12) -> 0 | AC12: =SUMIFS(ecommerce_sales_1000_records!$E:AE,ecommerce_sales_1000_records!$G:AG,AC$9,ecommerce_sales_1000_records!$C:AC,MTD!$A12) -> 0 | AD12: =SUMIFS(ecommerce_sales_1000_records!$E:AF,ecommerce_sales_1000_records!$G:AH,AD$9,ecommerce_sales_1000_records!$C:AD,MTD!$A12) -> 0
A13: Fashion | B13: =SUM(C13:AG13) -> 57796.06 | C13: =SUMIFS(ecommerce_sales_1000_records!$E:E,ecommerce_sales_1000_records!$G:G,C$9,ecommerce_sales_1000_records!$C:C,MTD!$A13) -> 0 | D13: =SUMIFS(ecommerce_sales_1000_records!$E:F,ecommerce_sales_1000_records!$G:H,D$9,ecommerce_sales_1000_records!$C:D,MTD!$A13) -> 7347.41 | E13: =SUMIFS(ecommerce_sales_1000_records!$E:G,ecommerce_sales_1000_records!$G:I,E$9,ecommerce_sales_1000_records!$C:E,MTD!$A13) -> 4260.96 | F13: =SUMIFS(ecommerce_sales_1000_records!$E:H,ecommerce_sales_1000_records!$G:J,F$9,ecommerce_sales_1000_records!$C:F,MTD!$A13) -> 2656.67 | G13: =SUMIFS(ecommerce_sales_1000_records!$E:I,ecommerce_sales_1000_records!$G:K,G$9,ecommerce_sales_1000_records!$C:G,MTD!$A13) -> 727.74 | H13: =SUMIFS(ecommerce_sales_1000_records!$E:J,ecommerce_sales_1000_records!$G:L,H$9,ecommerce_sales_1000_records!$C:H,MTD!$A13) -> 4514.24 | I13: =SUMIFS(ecommerce_sales_1000_records!$E:K,ecommerce_sales_1000_records!$G:M,I$9,ecommerce_sales_1000_records!$C:I,MTD!$A13) -> 1908.16 | J13: =SUMIFS(ecommerce_sales_1000_records!$E:L,ecommerce_sales_1000_records!$G:N,J$9,ecommerce_sales_1000_records!$C:J,MTD!$A13) -> 0 | K13: =SUMIFS(ecommerce_sales_1000_records!$E:M,ecommerce_sales_1000_records!$G:O,K$9,ecommerce_sales_1000_records!$C:K,MTD!$A13) -> 2345.06 | L13: =SUMIFS(ecommerce_sales_1000_records!$E:N,ecommerce_sales_1000_records!$G:P,L$9,ecommerce_sales_1000_records!$C:L,MTD!$A13) -> 1843.7 | M13: =SUMIFS(ecommerce_sales_1000_records!$E:O,ecommerce_sales_1000_records!$G:Q,M$9,ecommerce_sales_1000_records!$C:M,MTD!$A13) -> 4567.69 | N13: =SUMIFS(ecommerce_sales_1000_records!$E:P,ecommerce_sales_1000_records!$G:R,N$9,ecommerce_sales_1000_records!$C:N,MTD!$A13) -> 4561.91 | O13: =SUMIFS(ecommerce_sales_1000_records!$E:Q,ecommerce_sales_1000_records!$G:S,O$9,ecommerce_sales_1000_records!$C:O,MTD!$A13) -> 0 | P13: =SUMIFS(ecommerce_sales_1000_records!$E:R,ecommerce_sales_1000_records!$G:T,P$9,ecommerce_sales_1000_records!$C:P,MTD!$A13) -> 2492.49 | Q13: =SUMIFS(ecommerce_sales_1000_records!$E:S,ecommerce_sales_1000_records!$G:U,Q$9,ecommerce_sales_1000_records!$C:Q,MTD!$A13) -> 3299.37 | R13: =SUMIFS(ecommerce_sales_1000_records!$E:T,ecommerce_sales_1000_records!$G:V,R$9,ecommerce_sales_1000_records!$C:R,MTD!$A13) -> 0 | S13: =SUMIFS(ecommerce_sales_1000_records!$E:U,ecommerce_sales_1000_records!$G:W,S$9,ecommerce_sales_1000_records!$C:S,MTD!$A13) -> 1683.95 | T13: =SUMIFS(ecommerce_sales_1000_records!$E:V,ecommerce_sales_1000_records!$G:X,T$9,ecommerce_sales_1000_records!$C:T,MTD!$A13) -> 1617.62 | U13: =SUMIFS(ecommerce_sales_1000_records!$E:W,ecommerce_sales_1000_records!$G:Y,U$9,ecommerce_sales_1000_records!$C:U,MTD!$A13) -> 0 | V13: =SUMIFS(ecommerce_sales_1000_records!$E:X,ecommerce_sales_1000_records!$G:Z,V$9,ecommerce_sales_1000_records!$C:V,MTD!$A13) -> 0 | W13: =SUMIFS(ecommerce_sales_1000_records!$E:Y,ecommerce_sales_1000_records!$G:AA,W$9,ecommerce_sales_1000_records!$C:W,MTD!$A13) -> 0 | X13: =SUMIFS(ecommerce_sales_1000_records!$E:Z,ecommerce_sales_1000_records!$G:AB,X$9,ecommerce_sales_1000_records!$C:X,MTD!$A13) -> 2801.9 | Y13: =SUMIFS(ecommerce_sales_1000_records!$E:AA,ecommerce_sales_1000_records!$G:AC,Y$9,ecommerce_sales_1000_records!$C:Y,MTD!$A13) -> 0 | Z13: =SUMIFS(ecommerce_sales_1000_records!$E:AB,ecommerce_sales_1000_records!$G:AD,Z$9,ecommerce_sales_1000_records!$C:Z,MTD!$A13) -> 3269.01 | AA13: =SUMIFS(ecommerce_sales_1000_records!$E:AC,ecommerce_sales_1000_records!$G:AE,AA$9,ecommerce_sales_1000_records!$C:AA,MTD!$A13) -> 0 | AB13: =SUMIFS(ecommerce_sales_1000_records!$E:AD,ecommerce_sales_1000_records!$G:AF,AB$9,ecommerce_sales_1000_records!$C:AB,MTD!$A13) -> 3889.46 | AC13: =SUMIFS(ecommerce_sales_1000_records!$E:AE,ecommerce_sales_1000_records!$G:AG,AC$9,ecommerce_sales_1000_records!$C:AC,MTD!$A13) -> 2300.32 | AD13: =SUMIFS(ecommerce_sales_1000_records!$E:AF,ecommerce_sales_1000_records!$G:AH,AD$9,ecommerce_sales_1000_records!$C:AD,MTD!$A13) -> 1708.4
A14: Home Appliances | B14: =SUM(C14:AG14) -> 126137.84 | C14: =SUMIFS(ecommerce_sales_1000_records!$E:E,ecommerce_sales_1000_records!$G:G,C$9,ecommerce_sales_1000_records!$C:C,MTD!$A14) -> 0 | D14: =SUMIFS(ecommerce_sales_1000_records!$E:F,ecommerce_sales_1000_records!$G:H,D$9,ecommerce_sales_1000_records!$C:D,MTD!$A14) -> 8347.31 | E14: =SUMIFS(ecommerce_sales_1000_records!$E:G,ecommerce_sales_1000_records!$G:I,E$9,ecommerce_sales_1000_records!$C:E,MTD!$A14) -> 3682.94 | F14: =SUMIFS(ecommerce_sales_1000_records!$E:H,ecommerce_sales_1000_records!$G:J,F$9,ecommerce_sales_1000_records!$C:F,MTD!$A14) -> 6338.34 | G14: =SUMIFS(ecommerce_sales_1000_records!$E:I,ecommerce_sales_1000_records!$G:K,G$9,ecommerce_sales_1000_records!$C:G,MTD!$A14) -> 3905.11 | H14: =SUMIFS(ecommerce_sales_1000_records!$E:J,ecommerce_sales_1000_records!$G:L,H$9,ecommerce_sales_1000_records!$C:H,MTD!$A14) -> 3270.54 | I14: =SUMIFS(ecommerce_sales_1000_records!$E:K,ecommerce_sales_1000_records!$G:M,I$9,ecommerce_sales_1000_records!$C:I,MTD!$A14) -> 0 | J14: =SUMIFS(ecommerce_sales_1000_records!$E:L,ecommerce_sales_1000_records!$G:N,J$9,ecommerce_sales_1000_records!$C:J,MTD!$A14) -> 3553.91 | K14: =SUMIFS(ecommerce_sales_1000_records!$E:M,ecommerce_sales_1000_records!$G:O,K$9,ecommerce_sales_1000_records!$C:K,MTD!$A14) -> 3679.05 | L14: =SUMIFS(ecommerce_sales_1000_records!$E:N,ecommerce_sales_1000_records!$G:P,L$9,ecommerce_sales_1000_records!$C:L,MTD!$A14) -> 0 | M14: =SUMIFS(ecommerce_sales_1000_records!$E:O,ecommerce_sales_1000_records!$G:Q,M$9,ecommerce_sales_1000_records!$C:M,MTD!$A14) -> 0 | N14: =SUMIFS(ecommerce_sales_1000_records!$E:P,ecommerce_sales_1000_records!$G:R,N$9,ecommerce_sales_1000_records!$C:N,MTD!$A14) -> 8196.33 | O14: =SUMIFS(ecommerce_sales_1000_records!$E:Q,ecommerce_sales_1000_records!$G:S,O$9,ecommerce_sales_1000_records!$C:O,MTD!$A14) -> 0 | P14: =SUMIFS(ecommerce_sales_1000_records!$E:R,ecommerce_sales_1000_records!$G:T,P$9,ecommerce_sales_1000_records!$C:P,MTD!$A14) -> 0 | Q14: =SUMIFS(ecommerce_sales_1000_records!$E:S,ecommerce_sales_1000_records!$G:U,Q$9,ecommerce_sales_1000_records!$C:Q,MTD!$A14) -> 6311.25 | R14: =SUMIFS(ecommerce_sales_1000_records!$E:T,ecommerce_sales_1000_records!$G:V,R$9,ecommerce_sales_1000_records!$C:R,MTD!$A14) -> 0 | S14: =SUMIFS(ecommerce_sales_1000_records!$E:U,ecommerce_sales_1000_records!$G:W,S$9,ecommerce_sales_1000_records!$C:S,MTD!$A14) -> 3852.86 | T14: =SUMIFS(ecommerce_sales_1000_records!$E:V,ecommerce_sales_1000_records!$G:X,T$9,ecommerce_sales_1000_records!$C:T,MTD!$A14) -> 9590.27 | U14: =SUMIFS(ecommerce_sales_1000_records!$E:W,ecommerce_sales_1000_records!$G:Y,U$9,ecommerce_sales_1000_records!$C:U,MTD!$A14) -> 7810.25 | V14: =SUMIFS(ecommerce_sales_1000_records!$E:X,ecommerce_sales_1000_records!$G:Z,V$9,ecommerce_sales_1000_records!$C:V,MTD!$A14) -> 3564.18 | W14: =SUMIFS(ecommerce_sales_1000_records!$E:Y,ecommerce_sales_1000_records!$G:AA,W$9,ecommerce_sales_1000_records!$C:W,MTD!$A14) -> 14483.6 | X14: =SUMIFS(ecommerce_sales_1000_records!$E:Z,ecommerce_sales_1000_records!$G:AB,X$9,ecommerce_sales_1000_records!$C:X,MTD!$A14) -> 0 | Y14: =SUMIFS(ecommerce_sales_1000_records!$E:AA,ecommerce_sales_1000_records!$G:AC,Y$9,ecommerce_sales_1000_records!$C:Y,MTD!$A14) -> 19687.28 | Z14: =SUMIFS(ecommerce_sales_1000_records!$E:AB,ecommerce_sales_1000_records!$G:AD,Z$9,ecommerce_sales_1000_records!$C:Z,MTD!$A14) -> 0 | AA14: =SUMIFS(ecommerce_sales_1000_records!$E:AC,ecommerce_sales_1000_records!$G:AE,AA$9,ecommerce_sales_1000_records!$C:AA,MTD!$A14) -> 0 | AB14: =SUMIFS(ecommerce_sales_1000_records!$E:AD,ecommerce_sales_1000_records!$G:AF,AB$9,ecommerce_sales_1000_records!$C:AB,MTD!$A14) -> 6546.83 | AC14: =SUMIFS(ecommerce_sales_1000_records!$E:AE,ecommerce_sales_1000_records!$G:AG,AC$9,ecommerce_sales_1000_records!$C:AC,MTD!$A14) -> 6304.56 | AD14: =SUMIFS(ecommerce_sales_1000_records!$E:AF,ecommerce_sales_1000_records!$G:AH,AD$9,ecommerce_sales_1000_records!$C:AD,MTD!$A14) -> 7013.23
A15: Total Sales : | B15: =SUM(B10:B14) -> 1332532.8 | C15: =SUM(C10:C14) -> 50767.22 | D15: =SUM(D10:D14) -> 79723.51 | E15: =SUM(E10:E14) -> 98274.41 | F15: =SUM(F10:F14) -> 101596.64 | G15: =SUM(G10:G14) -> 61588.99 | H15: =SUM(H10:H14) -> 88654.21 | I15: =SUM(I10:I14) -> 34365.07 | ... AD15: =SUM(AD10:AD14) -> 58917.92
A17: Date | B17: 46082 | C17: 46082 | D17: =C17+1 -> 46083 | E17: =D17+1 -> 46084 | F17: =E17+1 -> 46085 | G17: =F17+1 -> 46086 | H17: =G17+1 -> 46087 | I17: =H17+1 -> 46088 | J17: =I17+1 -> 46089 | K17: =J17+1 -> 46090 | ... AG17: =AF17+1 -> 46112
A18: Accessories | B18: =SUM(C18:AG18) -> 100539.58 | C18: =SUMIFS(ecommerce_sales_1000_records!$E:E,ecommerce_sales_1000_records!$G:G,C$17,ecommerce_sales_1000_records!$C:C,MTD!$A18) -> 1898.3 | D18: =SUMIFS(ecommerce_sales_1000_records!$E:F,ecommerce_sales_1000_records!$G:H,D$17,ecommerce_sales_1000_records!$C:D,MTD!$A18) -> 4603.03 | E18: =SUMIFS(ecommerce_sales_1000_records!$E:G,ecommerce_sales_1000_records!$G:I,E$17,ecommerce_sales_1000_records!$C:E,MTD!$A18) -> 5089.57 | F18: =SUMIFS(ecommerce_sales_1000_records!$E:H,ecommerce_sales_1000_records!$G:J,F$17,ecommerce_sales_1000_records!$C:F,MTD!$A18) -> 1629 | G18: =SUMIFS(ecommerce_sales_1000_records!$E:I,ecommerce_sales_1000_records!$G:K,G$17,ecommerce_sales_1000_records!$C:G,MTD!$A18) -> 0 | H18: =SUMIFS(ecommerce_sales_1000_records!$E:J,ecommerce_sales_1000_records!$G:L,H$17,ecommerce_sales_1000_records!$C:H,MTD!$A18) -> 1646.33 | I18: =SUMIFS(ecommerce_sales_1000_records!$E:K,ecommerce_sales_1000_records!$G:M,I$17,ecommerce_sales_1000_records!$C:I,MTD!$A18) -> 0 | J18: =SUMIFS(ecommerce_sales_1000_records!$E:L,ecommerce_sales_1000_records!$G:N,J$17,ecommerce_sales_1000_records!$C:J,MTD!$A18) -> 4548.04 | K18: =SUMIFS(ecommerce_sales_1000_records!$E:M,ecommerce_sales_1000_records!$G:O,K$17,ecommerce_sales_1000_records!$C:K,MTD!$A18) -> 8669.96 | L18: =SUMIFS(ecommerce_sales_1000_records!$E:N,ecommerce_sales_1000_records!$G:P,L$17,ecommerce_sales_1000_records!$C:L,MTD!$A18) -> 0 | M18: =SUMIFS(ecommerce_sales_1000_records!$E:O,ecommerce_sales_1000_records!$G:Q,M$17,ecommerce_sales_1000_records!$C:M,MTD!$A18) -> 0 | N18: =SUMIFS(ecommerce_sales_1000_records!$E:P,ecommerce_sales_1000_records!$G:R,N$17,ecommerce_sales_1000_records!$C:N,MTD!$A18) -> 15664.8 | O18: =SUMIFS(ecommerce_sales_1000_records!$E:Q,ecommerce_sales_1000_records!$G:S,O$17,ecommerce_sales_1000_records!$C:O,MTD!$A18) -> 5460.09 | P18: =SUMIFS(ecommerce_sales_1000_records!$E:R,ecommerce_sales_1000_records!$G:T,P$17,ecommerce_sales_1000_records!$C:P,MTD!$A18) -> 0 | Q18: =SUMIFS(ecommerce_sales_1000_records!$E:S,ecommerce_sales_1000_records!$G:U,Q$17,ecommerce_sales_1000_records!$C:Q,MTD!$A18) -> 1691.96 | R18: =SUMIFS(ecommerce_sales_1000_records!$E:T,ecommerce_sales_1000_records!$G:V,R$17,ecommerce_sales_1000_records!$C:R,MTD!$A18) -> 0 | S18: =SUMIFS(ecommerce_sales_1000_records!$E:U,ecommerce_sales_1000_records!$G:W,S$17,ecommerce_sales_1000_records!$C:S,MTD!$A18) -> 0 | T18: =SUMIFS(ecommerce_sales_1000_records!$E:V,ecommerce_sales_1000_records!$G:X,T$17,ecommerce_sales_1000_records!$C:T,MTD!$A18) -> 4504.99 | U18: =SUMIFS(ecommerce_sales_1000_records!$E:W,ecommerce_sales_1000_records!$G:Y,U$17,ecommerce_sales_1000_records!$C:U,MTD!$A18) -> 5275.12 | V18: =SUMIFS(ecommerce_sales_1000_records!$E:X,ecommerce_sales_1000_records!$G:Z,V$17,ecommerce_sales_1000_records!$C:V,MTD!$A18) -> 0 | W18: =SUMIFS(ecommerce_sales_1000_records!$E:Y,ecommerce_sales_1000_records!$G:AA,W$17,ecommerce_sales_1000_records!$C:W,MTD!$A18) -> 0 | X18: =SUMIFS(ecommerce_sales_1000_records!$E:Z,ecommerce_sales_1000_records!$G:AB,X$17,ecommerce_sales_1000_records!$C:X,MTD!$A18) -> 4535.79 | Y18: =SUMIFS(ecommerce_sales_1000_records!$E:AA,ecommerce_sales_1000_records!$G:AC,Y$17,ecommerce_sales_1000_records!$C:Y,MTD!$A18) -> 0 | Z18: =SUMIFS(ecommerce_sales_1000_records!$E:AB,ecommerce_sales_1000_records!$G:AD,Z$17,ecommerce_sales_1000_records!$C:Z,MTD!$A18) -> 1892.13 | AA18: =SUMIFS(ecommerce_sales_1000_records!$E:AC,ecommerce_sales_1000_records!$G:AE,AA$17,ecommerce_sales_1000_records!$C:AA,MTD!$A18) -> 0 | AB18: =SUMIFS(ecommerce_sales_1000_records!$E:AD,ecommerce_sales_1000_records!$G:AF,AB$17,ecommerce_sales_1000_records!$C:AB,MTD!$A18) -> 3274.85 | AC18: =SUMIFS(ecommerce_sales_1000_records!$E:AE,ecommerce_sales_1000_records!$G:AG,AC$17,ecommerce_sales_1000_records!$C:AC,MTD!$A18) -> 1969.59 | AD18: =SUMIFS(ecommerce_sales_1000_records!$E:AF,ecommerce_sales_1000_records!$G:AH,AD$17,ecommerce_sales_1000_records!$C:AD,MTD!$A18) -> 9350.83 | AE18: =SUMIFS(ecommerce_sales_1000_records!$E:AG,ecommerce_sales_1000_records!$G:AI,AE$17,ecommerce_sales_1000_records!$C:AE,MTD!$A18) -> 0 | AF18: =SUMIFS(ecommerce_sales_1000_records!$E:AH,ecommerce_sales_1000_records!$G:AJ,AF$17,ecommerce_sales_1000_records!$C:AF,MTD!$A18) -> 8475.67 | AG18: =SUMIFS(ecommerce_sales_1000_records!$E:AI,ecommerce_sales_1000_records!$G:AK,AG$17,ecommerce_sales_1000_records!$C:AG,MTD!$A18) -> 10359.53
A19: Electronics | B19: =SUM(C19:AG19) -> 1111658.2 | C19: =SUMIFS(ecommerce_sales_1000_records!$E:E,ecommerce_sales_1000_records!$G:G,C$17,ecommerce_sales_1000_records!$C:C,MTD!$A19) -> 56715.8 | D19: =SUMIFS(ecommerce_sales_1000_records!$E:F,ecommerce_sales_1000_records!$G:H,D$17,ecommerce_sales_1000_records!$C:D,MTD!$A19) -> 27959.71 | E19: =SUMIFS(ecommerce_sales_1000_records!$E:G,ecommerce_sales_1000_records!$G:I,E$17,ecommerce_sales_1000_records!$C:E,MTD!$A19) -> 114224.85 | F19: =SUMIFS(ecommerce_sales_1000_records!$E:H,ecommerce_sales_1000_records!$G:J,F$17,ecommerce_sales_1000_records!$C:F,MTD!$A19) -> 0 | G19: =SUMIFS(ecommerce_sales_1000_records!$E:I,ecommerce_sales_1000_records!$G:K,G$17,ecommerce_sales_1000_records!$C:G,MTD!$A19) -> 2397.62 | H19: =SUMIFS(ecommerce_sales_1000_records!$E:J,ecommerce_sales_1000_records!$G:L,H$17,ecommerce_sales_1000_records!$C:H,MTD!$A19) -> 0 | I19: =SUMIFS(ecommerce_sales_1000_records!$E:K,ecommerce_sales_1000_records!$G:M,I$17,ecommerce_sales_1000_records!$C:I,MTD!$A19) -> 42993.28 | J19: =SUMIFS(ecommerce_sales_1000_records!$E:L,ecommerce_sales_1000_records!$G:N,J$17,ecommerce_sales_1000_records!$C:J,MTD!$A19) -> 2268.38 | K19: =SUMIFS(ecommerce_sales_1000_records!$E:M,ecommerce_sales_1000_records!$G:O,K$17,ecommerce_sales_1000_records!$C:K,MTD!$A19) -> 1559.16 | L19: =SUMIFS(ecommerce_sales_1000_records!$E:N,ecommerce_sales_1000_records!$G:P,L$17,ecommerce_sales_1000_records!$C:L,MTD!$A19) -> 49713.4 | M19: =SUMIFS(ecommerce_sales_1000_records!$E:O,ecommerce_sales_1000_records!$G:Q,M$17,ecommerce_sales_1000_records!$C:M,MTD!$A19) -> 18872.7 | N19: =SUMIFS(ecommerce_sales_1000_records!$E:P,ecommerce_sales_1000_records!$G:R,N$17,ecommerce_sales_1000_records!$C:N,MTD!$A19) -> 2075.21 | O19: =SUMIFS(ecommerce_sales_1000_records!$E:Q,ecommerce_sales_1000_records!$G:S,O$17,ecommerce_sales_1000_records!$C:O,MTD!$A19) -> 56068.28 | P19: =SUMIFS(ecommerce_sales_1000_records!$E:R,ecommerce_sales_1000_records!$G:T,P$17,ecommerce_sales_1000_records!$C:P,MTD!$A19) -> 29447.27 | Q19: =SUMIFS(ecommerce_sales_1000_records!$E:S,ecommerce_sales_1000_records!$G:U,Q$17,ecommerce_sales_1000_records!$C:Q,MTD!$A19) -> 52417.23 | R19: =SUMIFS(ecommerce_sales_1000_records!$E:T,ecommerce_sales_1000_records!$G:V,R$17,ecommerce_sales_1000_records!$C:R,MTD!$A19) -> 2342.49 | S19: =SUMIFS(ecommerce_sales_1000_records!$E:U,ecommerce_sales_1000_records!$G:W,S$17,ecommerce_sales_1000_records!$C:S,MTD!$A19) -> 49541.97 | T19: =SUMIFS(ecommerce_sales_1000_records!$E:V,ecommerce_sales_1000_records!$G:X,T$17,ecommerce_sales_1000_records!$C:T,MTD!$A19) -> 20009.94 | U19: =SUMIFS(ecommerce_sales_1000_records!$E:W,ecommerce_sales_1000_records!$G:Y,U$17,ecommerce_sales_1000_records!$C:U,MTD!$A19) -> 54832.46 | V19: =SUMIFS(ecommerce_sales_1000_records!$E:X,ecommerce_sales_1000_records!$G:Z,V$17,ecommerce_sales_1000_records!$C:V,MTD!$A19) -> 2148.76 | W19: =SUMIFS(ecommerce_sales_1000_records!$E:Y,ecommerce_sales_1000_records!$G:AA,W$17,ecommerce_sales_1000_records!$C:W,MTD!$A19) -> 53965.8 | X19: =SUMIFS(ecommerce_sales_1000_records!$E:Z,ecommerce_sales_1000_records!$G:AB,X$17,ecommerce_sales_1000_records!$C:X,MTD!$A19) -> 23133.65 | Y19: =SUMIFS(ecommerce_sales_1000_records!$E:AA,ecommerce_sales_1000_records!$G:AC,Y$17,ecommerce_sales_1000_records!$C:Y,MTD!$A19) -> 49396.52 | Z19: =SUMIFS(ecommerce_sales_1000_records!$E:AB,ecommerce_sales_1000_records!$G:AD,Z$17,ecommerce_sales_1000_records!$C:Z,MTD!$A19) -> 28020.21 | AA19: =SUMIFS(ecommerce_sales_1000_records!$E:AC,ecommerce_sales_1000_records!$G:AE,AA$17,ecommerce_sales_1000_records!$C:AA,MTD!$A19) -> 91357.05 | AB19: =SUMIFS(ecommerce_sales_1000_records!$E:AD,ecommerce_sales_1000_records!$G:AF,AB$17,ecommerce_sales_1000_records!$C:AB,MTD!$A19) -> 35836.31 | AC19: =SUMIFS(ecommerce_sales_1000_records!$E:AE,ecommerce_sales_1000_records!$G:AG,AC$17,ecommerce_sales_1000_records!$C:AC,MTD!$A19) -> 87250.57 | AD19: =SUMIFS(ecommerce_sales_1000_records!$E:AF,ecommerce_sales_1000_records!$G:AH,AD$17,ecommerce_sales_1000_records!$C:AD,MTD!$A19) -> 6183.64 | AE19: =SUMIFS(ecommerce_sales_1000_records!$E:AG,ecommerce_sales_1000_records!$G:AI,AE$17,ecommerce_sales_1000_records!$C:AE,MTD!$A19) -> 19109.05 | AF19: =SUMIFS(ecommerce_sales_1000_records!$E:AH,ecommerce_sales_1000_records!$G:AJ,AF$17,ecommerce_sales_1000_records!$C:AF,MTD!$A19) -> 129577.43 | AG19: =SUMIFS(ecommerce_sales_1000_records!$E:AI,ecommerce_sales_1000_records!$G:AK,AG$17,ecommerce_sales_1000_records!$C:AG,MTD!$A19) -> 2239.41
A20: Books | B20: =SUM(C20:AG20) -> 5430.06 | C20: =SUMIFS(ecommerce_sales_1000_records!$E:E,ecommerce_sales_1000_records!$G:G,C$17,ecommerce_sales_1000_records!$C:C,MTD!$A20) -> 472.72 | D20: =SUMIFS(ecommerce_sales_1000_records!$E:F,ecommerce_sales_1000_records!$G:H,D$17,ecommerce_sales_1000_records!$C:D,MTD!$A20) -> 410.61 | E20: =SUMIFS(ecommerce_sales_1000_records!$E:G,ecommerce_sales_1000_records!$G:I,E$17,ecommerce_sales_1000_records!$C:E,MTD!$A20) -> 0 | F20: =SUMIFS(ecommerce_sales_1000_records!$E:H,ecommerce_sales_1000_records!$G:J,F$17,ecommerce_sales_1000_records!$C:F,MTD!$A20) -> 445.18 | G20: =SUMIFS(ecommerce_sales_1000_records!$E:I,ecommerce_sales_1000_records!$G:K,G$17,ecommerce_sales_1000_records!$C:G,MTD!$A20) -> 0 | H20: =SUMIFS(ecommerce_sales_1000_records!$E:J,ecommerce_sales_1000_records!$G:L,H$17,ecommerce_sales_1000_records!$C:H,MTD!$A20) -> 0 | I20: =SUMIFS(ecommerce_sales_1000_records!$E:K,ecommerce_sales_1000_records!$G:M,I$17,ecommerce_sales_1000_records!$C:I,MTD!$A20) -> 486.53 | J20: =SUMIFS(ecommerce_sales_1000_records!$E:L,ecommerce_sales_1000_records!$G:N,J$17,ecommerce_sales_1000_records!$C:J,MTD!$A20) -> 0 | K20: =SUMIFS(ecommerce_sales_1000_records!$E:M,ecommerce_sales_1000_records!$G:O,K$17,ecommerce_sales_1000_records!$C:K,MTD!$A20) -> 0 | L20: =SUMIFS(ecommerce_sales_1000_records!$E:N,ecommerce_sales_1000_records!$G:P,L$17,ecommerce_sales_1000_records!$C:L,MTD!$A20) -> 427.72 | M20: =SUMIFS(ecommerce_sales_1000_records!$E:O,ecommerce_sales_1000_records!$G:Q,M$17,ecommerce_sales_1000_records!$C:M,MTD!$A20) -> 0 | N20: =SUMIFS(ecommerce_sales_1000_records!$E:P,ecommerce_sales_1000_records!$G:R,N$17,ecommerce_sales_1000_records!$C:N,MTD!$A20) -> 0 | O20: =SUMIFS(ecommerce_sales_1000_records!$E:Q,ecommerce_sales_1000_records!$G:S,O$17,ecommerce_sales_1000_records!$C:O,MTD!$A20) -> 0 | P20: =SUMIFS(ecommerce_sales_1000_records!$E:R,ecommerce_sales_1000_records!$G:T,P$17,ecommerce_sales_1000_records!$C:P,MTD!$A20) -> 0 | Q20: =SUMIFS(ecommerce_sales_1000_records!$E:S,ecommerce_sales_1000_records!$G:U,Q$17,ecommerce_sales_1000_records!$C:Q,MTD!$A20) -> 0 | R20: =SUMIFS(ecommerce_sales_1000_records!$E:T,ecommerce_sales_1000_records!$G:V,R$17,ecommerce_sales_1000_records!$C:R,MTD!$A20) -> 420.15 | S20: =SUMIFS(ecommerce_sales_1000_records!$E:U,ecommerce_sales_1000_records!$G:W,S$17,ecommerce_sales_1000_records!$C:S,MTD!$A20) -> 470.91 | T20: =SUMIFS(ecommerce_sales_1000_records!$E:V,ecommerce_sales_1000_records!$G:X,T$17,ecommerce_sales_1000_records!$C:T,MTD!$A20) -> 494.12 | U20: =SUMIFS(ecommerce_sales_1000_records!$E:W,ecommerce_sales_1000_records!$G:Y,U$17,ecommerce_sales_1000_records!$C:U,MTD!$A20) -> 0 | V20: =SUMIFS(ecommerce_sales_1000_records!$E:X,ecommerce_sales_1000_records!$G:Z,V$17,ecommerce_sales_1000_records!$C:V,MTD!$A20) -> 0 | W20: =SUMIFS(ecommerce_sales_1000_records!$E:Y,ecommerce_sales_1000_records!$G:AA,W$17,ecommerce_sales_1000_records!$C:W,MTD!$A20) -> 0 | X20: =SUMIFS(ecommerce_sales_1000_records!$E:Z,ecommerce_sales_1000_records!$G:AB,X$17,ecommerce_sales_1000_records!$C:X,MTD!$A20) -> 455.9 | Y20: =SUMIFS(ecommerce_sales_1000_records!$E:AA,ecommerce_sales_1000_records!$G:AC,Y$17,ecommerce_sales_1000_records!$C:Y,MTD!$A20) -> 0 | Z20: =SUMIFS(ecommerce_sales_1000_records!$E:AB,ecommerce_sales_1000_records!$G:AD,Z$17,ecommerce_sales_1000_records!$C:Z,MTD!$A20) -> 0 | AA20: =SUMIFS(ecommerce_sales_1000_records!$E:AC,ecommerce_sales_1000_records!$G:AE,AA$17,ecommerce_sales_1000_records!$C:AA,MTD!$A20) -> 926.22 | AB20: =SUMIFS(ecommerce_sales_1000_records!$E:AD,ecommerce_sales_1000_records!$G:AF,AB$17,ecommerce_sales_1000_records!$C:AB,MTD!$A20) -> 0 | AC20: =SUMIFS(ecommerce_sales_1000_records!$E:AE,ecommerce_sales_1000_records!$G:AG,AC$17,ecommerce_sales_1000_records!$C:AC,MTD!$A20) -> 0 | AD20: =SUMIFS(ecommerce_sales_1000_records!$E:AF,ecommerce_sales_1000_records!$G:AH,AD$17,ecommerce_sales_1000_records!$C:AD,MTD!$A20) -> 0 | AE20: =SUMIFS(ecommerce_sales_1000_records!$E:AG,ecommerce_sales_1000_records!$G:AI,AE$17,ecommerce_sales_1000_records!$C:AE,MTD!$A20) -> 0 | AF20: =SUMIFS(ecommerce_sales_1000_records!$E:AH,ecommerce_sales_1000_records!$G:AJ,AF$17,ecommerce_sales_1000_records!$C:AF,MTD!$A20) -> 0 | AG20: =SUMIFS(ecommerce_sales_1000_records!$E:AI,ecommerce_sales_1000_records!$G:AK,AG$17,ecommerce_sales_1000_records!$C:AG,MTD!$A20) -> 420
A21: Fashion | B21: =SUM(C21:AG21) -> 59196.43 | C21: =SUMIFS(ecommerce_sales_1000_records!$E:E,ecommerce_sales_1000_records!$G:G,C$17,ecommerce_sales_1000_records!$C:C,MTD!$A21) -> 2384.5 | D21: =SUMIFS(ecommerce_sales_1000_records!$E:F,ecommerce_sales_1000_records!$G:H,D$17,ecommerce_sales_1000_records!$C:D,MTD!$A21) -> 0 | E21: =SUMIFS(ecommerce_sales_1000_records!$E:G,ecommerce_sales_1000_records!$G:I,E$17,ecommerce_sales_1000_records!$C:E,MTD!$A21) -> 736.55 | F21: =SUMIFS(ecommerce_sales_1000_records!$E:H,ecommerce_sales_1000_records!$G:J,F$17,ecommerce_sales_1000_records!$C:F,MTD!$A21) -> 844.46 | G21: =SUMIFS(ecommerce_sales_1000_records!$E:I,ecommerce_sales_1000_records!$G:K,G$17,ecommerce_sales_1000_records!$C:G,MTD!$A21) -> 831.19 | H21: =SUMIFS(ecommerce_sales_1000_records!$E:J,ecommerce_sales_1000_records!$G:L,H$17,ecommerce_sales_1000_records!$C:H,MTD!$A21) -> 876.91 | I21: =SUMIFS(ecommerce_sales_1000_records!$E:K,ecommerce_sales_1000_records!$G:M,I$17,ecommerce_sales_1000_records!$C:I,MTD!$A21) -> 0 | J21: =SUMIFS(ecommerce_sales_1000_records!$E:L,ecommerce_sales_1000_records!$G:N,J$17,ecommerce_sales_1000_records!$C:J,MTD!$A21) -> 5245.35 | K21: =SUMIFS(ecommerce_sales_1000_records!$E:M,ecommerce_sales_1000_records!$G:O,K$17,ecommerce_sales_1000_records!$C:K,MTD!$A21) -> 6899.72 | L21: =SUMIFS(ecommerce_sales_1000_records!$E:N,ecommerce_sales_1000_records!$G:P,L$17,ecommerce_sales_1000_records!$C:L,MTD!$A21) -> 1606.46 | M21: =SUMIFS(ecommerce_sales_1000_records!$E:O,ecommerce_sales_1000_records!$G:Q,M$17,ecommerce_sales_1000_records!$C:M,MTD!$A21) -> 4500.83 | N21: =SUMIFS(ecommerce_sales_1000_records!$E:P,ecommerce_sales_1000_records!$G:R,N$17,ecommerce_sales_1000_records!$C:N,MTD!$A21) -> 0 | O21: =SUMIFS(ecommerce_sales_1000_records!$E:Q,ecommerce_sales_1000_records!$G:S,O$17,ecommerce_sales_1000_records!$C:O,MTD!$A21) -> 2027.02 | P21: =SUMIFS(ecommerce_sales_1000_records!$E:R,ecommerce_sales_1000_records!$G:T,P$17,ecommerce_sales_1000_records!$C:P,MTD!$A21) -> 7222.46 | Q21: =SUMIFS(ecommerce_sales_1000_records!$E:S,ecommerce_sales_1000_records!$G:U,Q$17,ecommerce_sales_1000_records!$C:Q,MTD!$A21) -> 5497.96 | R21: =SUMIFS(ecommerce_sales_1000_records!$E:T,ecommerce_sales_1000_records!$G:V,R$17,ecommerce_sales_1000_records!$C:R,MTD!$A21) -> 3605.98 | S21: =SUMIFS(ecommerce_sales_1000_records!$E:U,ecommerce_sales_1000_records!$G:W,S$17,ecommerce_sales_1000_records!$C:S,MTD!$A21) -> 2698.58 | T21: =SUMIFS(ecommerce_sales_1000_records!$E:V,ecommerce_sales_1000_records!$G:X,T$17,ecommerce_sales_1000_records!$C:T,MTD!$A21) -> 1988.41 | U21: =SUMIFS(ecommerce_sales_1000_records!$E:W,ecommerce_sales_1000_records!$G:Y,U$17,ecommerce_sales_1000_records!$C:U,MTD!$A21) -> 0 | V21: =SUMIFS(ecommerce_sales_1000_records!$E:X,ecommerce_sales_1000_records!$G:Z,V$17,ecommerce_sales_1000_records!$C:V,MTD!$A21) -> 3086.07 | W21: =SUMIFS(ecommerce_sales_1000_records!$E:Y,ecommerce_sales_1000_records!$G:AA,W$17,ecommerce_sales_1000_records!$C:W,MTD!$A21) -> 722.33 | X21: =SUMIFS(ecommerce_sales_1000_records!$E:Z,ecommerce_sales_1000_records!$G:AB,X$17,ecommerce_sales_1000_records!$C:X,MTD!$A21) -> 0 | Y21: =SUMIFS(ecommerce_sales_1000_records!$E:AA,ecommerce_sales_1000_records!$G:AC,Y$17,ecommerce_sales_1000_records!$C:Y,MTD!$A21) -> 730.26 | Z21: =SUMIFS(ecommerce_sales_1000_records!$E:AB,ecommerce_sales_1000_records!$G:AD,Z$17,ecommerce_sales_1000_records!$C:Z,MTD!$A21) -> 0 | AA21: =SUMIFS(ecommerce_sales_1000_records!$E:AC,ecommerce_sales_1000_records!$G:AE,AA$17,ecommerce_sales_1000_records!$C:AA,MTD!$A21) -> 0 | AB21: =SUMIFS(ecommerce_sales_1000_records!$E:AD,ecommerce_sales_1000_records!$G:AF,AB$17,ecommerce_sales_1000_records!$C:AB,MTD!$A21) -> 3503.96 | AC21: =SUMIFS(ecommerce_sales_1000_records!$E:AE,ecommerce_sales_1000_records!$G:AG,AC$17,ecommerce_sales_1000_records!$C:AC,MTD!$A21) -> 0 | AD21: =SUMIFS(ecommerce_sales_1000_records!$E:AF,ecommerce_sales_1000_records!$G:AH,AD$17,ecommerce_sales_1000_records!$C:AD,MTD!$A21) -> 873.69 | AE21: =SUMIFS(ecommerce_sales_1000_records!$E:AG,ecommerce_sales_1000_records!$G:AI,AE$17,ecommerce_sales_1000_records!$C:AE,MTD!$A21) -> 0 | AF21: =SUMIFS(ecommerce_sales_1000_records!$E:AH,ecommerce_sales_1000_records!$G:AJ,AF$17,ecommerce_sales_1000_records!$C:AF,MTD!$A21) -> 3313.74 | AG21: =SUMIFS(ecommerce_sales_1000_records!$E:AI,ecommerce_sales_1000_records!$G:AK,AG$17,ecommerce_sales_1000_records!$C:AG,MTD!$A21) -> 0
A22: Home Appliances | B22: =SUM(C22:AG22) -> 213421.06 | C22: =SUMIFS(ecommerce_sales_1000_records!$E:E,ecommerce_sales_1000_records!$G:G,C$17,ecommerce_sales_1000_records!$C:C,MTD!$A22) -> 12382.78 | D22: =SUMIFS(ecommerce_sales_1000_records!$E:F,ecommerce_sales_1000_records!$G:H,D$17,ecommerce_sales_1000_records!$C:D,MTD!$A22) -> 10497.81 | E22: =SUMIFS(ecommerce_sales_1000_records!$E:G,ecommerce_sales_1000_records!$G:I,E$17,ecommerce_sales_1000_records!$C:E,MTD!$A22) -> 4310.84 | F22: =SUMIFS(ecommerce_sales_1000_records!$E:H,ecommerce_sales_1000_records!$G:J,F$17,ecommerce_sales_1000_records!$C:F,MTD!$A22) -> 12656.93 | G22: =SUMIFS(ecommerce_sales_1000_records!$E:I,ecommerce_sales_1000_records!$G:K,G$17,ecommerce_sales_1000_records!$C:G,MTD!$A22) -> 0 | H22: =SUMIFS(ecommerce_sales_1000_records!$E:J,ecommerce_sales_1000_records!$G:L,H$17,ecommerce_sales_1000_records!$C:H,MTD!$A22) -> 16142.03 | I22: =SUMIFS(ecommerce_sales_1000_records!$E:K,ecommerce_sales_1000_records!$G:M,I$17,ecommerce_sales_1000_records!$C:I,MTD!$A22) -> 6499.09 | J22: =SUMIFS(ecommerce_sales_1000_records!$E:L,ecommerce_sales_1000_records!$G:N,J$17,ecommerce_sales_1000_records!$C:J,MTD!$A22) -> 6813.63 | K22: =SUMIFS(ecommerce_sales_1000_records!$E:M,ecommerce_sales_1000_records!$G:O,K$17,ecommerce_sales_1000_records!$C:K,MTD!$A22) -> 9276.84 | L22: =SUMIFS(ecommerce_sales_1000_records!$E:N,ecommerce_sales_1000_records!$G:P,L$17,ecommerce_sales_1000_records!$C:L,MTD!$A22) -> 21305.42 | M22: =SUMIFS(ecommerce_sales_1000_records!$E:O,ecommerce_sales_1000_records!$G:Q,M$17,ecommerce_sales_1000_records!$C:M,MTD!$A22) -> 3745.74 | N22: =SUMIFS(ecommerce_sales_1000_records!$E:P,ecommerce_sales_1000_records!$G:R,N$17,ecommerce_sales_1000_records!$C:N,MTD!$A22) -> 9968.41 | O22: =SUMIFS(ecommerce_sales_1000_records!$E:Q,ecommerce_sales_1000_records!$G:S,O$17,ecommerce_sales_1000_records!$C:O,MTD!$A22) -> 0 | P22: =SUMIFS(ecommerce_sales_1000_records!$E:R,ecommerce_sales_1000_records!$G:T,P$17,ecommerce_sales_1000_records!$C:P,MTD!$A22) -> 0 | Q22: =SUMIFS(ecommerce_sales_1000_records!$E:S,ecommerce_sales_1000_records!$G:U,Q$17,ecommerce_sales_1000_records!$C:Q,MTD!$A22) -> 18109.21 | R22: =SUMIFS(ecommerce_sales_1000_records!$E:T,ecommerce_sales_1000_records!$G:V,R$17,ecommerce_sales_1000_records!$C:R,MTD!$A22) -> 7090.99 | S22: =SUMIFS(ecommerce_sales_1000_records!$E:U,ecommerce_sales_1000_records!$G:W,S$17,ecommerce_sales_1000_records!$C:S,MTD!$A22) -> 4266.48 | T22: =SUMIFS(ecommerce_sales_1000_records!$E:V,ecommerce_sales_1000_records!$G:X,T$17,ecommerce_sales_1000_records!$C:T,MTD!$A22) -> 4341.01 | U22: =SUMIFS(ecommerce_sales_1000_records!$E:W,ecommerce_sales_1000_records!$G:Y,U$17,ecommerce_sales_1000_records!$C:U,MTD!$A22) -> 4182.69 | V22: =SUMIFS(ecommerce_sales_1000_records!$E:X,ecommerce_sales_1000_records!$G:Z,V$17,ecommerce_sales_1000_records!$C:V,MTD!$A22) -> 5942.83 | W22: =SUMIFS(ecommerce_sales_1000_records!$E:Y,ecommerce_sales_1000_records!$G:AA,W$17,ecommerce_sales_1000_records!$C:W,MTD!$A22) -> 0 | X22: =SUMIFS(ecommerce_sales_1000_records!$E:Z,ecommerce_sales_1000_records!$G:AB,X$17,ecommerce_sales_1000_records!$C:X,MTD!$A22) -> 3591.72 | Y22: =SUMIFS(ecommerce_sales_1000_records!$E:AA,ecommerce_sales_1000_records!$G:AC,Y$17,ecommerce_sales_1000_records!$C:Y,MTD!$A22) -> 9111.13 | Z22: =SUMIFS(ecommerce_sales_1000_records!$E:AB,ecommerce_sales_1000_records!$G:AD,Z$17,ecommerce_sales_1000_records!$C:Z,MTD!$A22) -> 13582.87 | AA22: =SUMIFS(ecommerce_sales_1000_records!$E:AC,ecommerce_sales_1000_records!$G:AE,AA$17,ecommerce_sales_1000_records!$C:AA,MTD!$A22) -> 3691.47 | AB22: =SUMIFS(ecommerce_sales_1000_records!$E:AD,ecommerce_sales_1000_records!$G:AF,AB$17,ecommerce_sales_1000_records!$C:AB,MTD!$A22) -> 6712.36 | AC22: =SUMIFS(ecommerce_sales_1000_records!$E:AE,ecommerce_sales_1000_records!$G:AG,AC$17,ecommerce_sales_1000_records!$C:AC,MTD!$A22) -> 6819.55 | AD22: =SUMIFS(ecommerce_sales_1000_records!$E:AF,ecommerce_sales_1000_records!$G:AH,AD$17,ecommerce_sales_1000_records!$C:AD,MTD!$A22) -> 0 | AE22: =SUMIFS(ecommerce_sales_1000_records!$E:AG,ecommerce_sales_1000_records!$G:AI,AE$17,ecommerce_sales_1000_records!$C:AE,MTD!$A22) -> 0 | AF22: =SUMIFS(ecommerce_sales_1000_records!$E:AH,ecommerce_sales_1000_records!$G:AJ,AF$17,ecommerce_sales_1000_records!$C:AF,MTD!$A22) -> 3633.31 | AG22: =SUMIFS(ecommerce_sales_1000_records!$E:AI,ecommerce_sales_1000_records!$G:AK,AG$17,ecommerce_sales_1000_records!$C:AG,MTD!$A22) -> 8745.92
A23: Total Sales : | B23: =SUM(B18:B22) -> 1490245.3 | C23: =SUM(C18:C22) -> 73854.1 | D23: =SUM(D18:D22) -> 43471.16 | E23: =SUM(E18:E22) -> 124361.81 | F23: =SUM(F18:F22) -> 15575.57 | G23: =SUM(G18:G22) -> 3228.81 | H23: =SUM(H18:H22) -> 18665.27 | I23: =SUM(I18:I22) -> 49978.9 | ... AG23: =SUM(AG18:AG22) -> 21764.86
A25: Date | B25: 46113 | C25: 46113 | D25: =C25+1 -> 46114 | E25: =D25+1 -> 46115 | F25: =E25+1 -> 46116 | G25: =F25+1 -> 46117 | H25: =G25+1 -> 46118 | I25: =H25+1 -> 46119 | J25: =I25+1 -> 46120 | K25: =J25+1 -> 46121 | ... AF25: =AE25+1 -> 46142
A26: Accessories | B26: =SUM(C26:AG26) -> 86704.88 | C26: =SUMIFS(ecommerce_sales_1000_records!$E:E,ecommerce_sales_1000_records!$G:G,C$25,ecommerce_sales_1000_records!$C:C,MTD!$A26) -> 1855.6 | D26: =SUMIFS(ecommerce_sales_1000_records!$E:F,ecommerce_sales_1000_records!$G:H,D$25,ecommerce_sales_1000_records!$C:D,MTD!$A26) -> 8181.33 | E26: =SUMIFS(ecommerce_sales_1000_records!$E:G,ecommerce_sales_1000_records!$G:I,E$25,ecommerce_sales_1000_records!$C:E,MTD!$A26) -> 0 | F26: =SUMIFS(ecommerce_sales_1000_records!$E:H,ecommerce_sales_1000_records!$G:J,F$25,ecommerce_sales_1000_records!$C:F,MTD!$A26) -> 5315.43 | G26: =SUMIFS(ecommerce_sales_1000_records!$E:I,ecommerce_sales_1000_records!$G:K,G$25,ecommerce_sales_1000_records!$C:G,MTD!$A26) -> 0 | H26: =SUMIFS(ecommerce_sales_1000_records!$E:J,ecommerce_sales_1000_records!$G:L,H$25,ecommerce_sales_1000_records!$C:H,MTD!$A26) -> 0 | I26: =SUMIFS(ecommerce_sales_1000_records!$E:K,ecommerce_sales_1000_records!$G:M,I$25,ecommerce_sales_1000_records!$C:I,MTD!$A26) -> 0 | J26: =SUMIFS(ecommerce_sales_1000_records!$E:L,ecommerce_sales_1000_records!$G:N,J$25,ecommerce_sales_1000_records!$C:J,MTD!$A26) -> 1817.41 | K26: =SUMIFS(ecommerce_sales_1000_records!$E:M,ecommerce_sales_1000_records!$G:O,K$25,ecommerce_sales_1000_records!$C:K,MTD!$A26) -> 6769.44 | L26: =SUMIFS(ecommerce_sales_1000_records!$E:N,ecommerce_sales_1000_records!$G:P,L$25,ecommerce_sales_1000_records!$C:L,MTD!$A26) -> 14488.74 | M26: =SUMIFS(ecommerce_sales_1000_records!$E:O,ecommerce_sales_1000_records!$G:Q,M$25,ecommerce_sales_1000_records!$C:M,MTD!$A26) -> 3325.48 | N26: =SUMIFS(ecommerce_sales_1000_records!$E:P,ecommerce_sales_1000_records!$G:R,N$25,ecommerce_sales_1000_records!$C:N,MTD!$A26) -> 12258.35 | O26: =SUMIFS(ecommerce_sales_1000_records!$E:Q,ecommerce_sales_1000_records!$G:S,O$25,ecommerce_sales_1000_records!$C:O,MTD!$A26) -> 0 | P26: =SUMIFS(ecommerce_sales_1000_records!$E:R,ecommerce_sales_1000_records!$G:T,P$25,ecommerce_sales_1000_records!$C:P,MTD!$A26) -> 5381.38 | Q26: =SUMIFS(ecommerce_sales_1000_records!$E:S,ecommerce_sales_1000_records!$G:U,Q$25,ecommerce_sales_1000_records!$C:Q,MTD!$A26) -> 0 | R26: =SUMIFS(ecommerce_sales_1000_records!$E:T,ecommerce_sales_1000_records!$G:V,R$25,ecommerce_sales_1000_records!$C:R,MTD!$A26) -> 0 | S26: =SUMIFS(ecommerce_sales_1000_records!$E:U,ecommerce_sales_1000_records!$G:W,S$25,ecommerce_sales_1000_records!$C:S,MTD!$A26) -> 0 | T26: =SUMIFS(ecommerce_sales_1000_records!$E:V,ecommerce_sales_1000_records!$G:X,T$25,ecommerce_sales_1000_records!$C:T,MTD!$A26) -> 0 | U26: =SUMIFS(ecommerce_sales_1000_records!$E:W,ecommerce_sales_1000_records!$G:Y,U$25,ecommerce_sales_1000_records!$C:U,MTD!$A26) -> 1941.36 | V26: =SUMIFS(ecommerce_sales_1000_records!$E:X,ecommerce_sales_1000_records!$G:Z,V$25,ecommerce_sales_1000_records!$C:V,MTD!$A26) -> 5224.94 | W26: =SUMIFS(ecommerce_sales_1000_records!$E:Y,ecommerce_sales_1000_records!$G:AA,W$25,ecommerce_sales_1000_records!$C:W,MTD!$A26) -> 1879.5 | X26: =SUMIFS(ecommerce_sales_1000_records!$E:Z,ecommerce_sales_1000_records!$G:AB,X$25,ecommerce_sales_1000_records!$C:X,MTD!$A26) -> 0 | Y26: =SUMIFS(ecommerce_sales_1000_records!$E:AA,ecommerce_sales_1000_records!$G:AC,Y$25,ecommerce_sales_1000_records!$C:Y,MTD!$A26) -> 1634.09 | Z26: =SUMIFS(ecommerce_sales_1000_records!$E:AB,ecommerce_sales_1000_records!$G:AD,Z$25,ecommerce_sales_1000_records!$C:Z,MTD!$A26) -> 0 | AA26: =SUMIFS(ecommerce_sales_1000_records!$E:AC,ecommerce_sales_1000_records!$G:AE,AA$25,ecommerce_sales_1000_records!$C:AA,MTD!$A26) -> 1936.04 | AB26: =SUMIFS(ecommerce_sales_1000_records!$E:AD,ecommerce_sales_1000_records!$G:AF,AB$25,ecommerce_sales_1000_records!$C:AB,MTD!$A26) -> 9972.03 | AC26: =SUMIFS(ecommerce_sales_1000_records!$E:AE,ecommerce_sales_1000_records!$G:AG,AC$25,ecommerce_sales_1000_records!$C:AC,MTD!$A26) -> 0 | AD26: =SUMIFS(ecommerce_sales_1000_records!$E:AF,ecommerce_sales_1000_records!$G:AH,AD$25,ecommerce_sales_1000_records!$C:AD,MTD!$A26) -> 0 | AE26: =SUMIFS(ecommerce_sales_1000_records!$E:AG,ecommerce_sales_1000_records!$G:AI,AE$25,ecommerce_sales_1000_records!$C:AE,MTD!$A26) -> 4723.76 | AF26: =SUMIFS(ecommerce_sales_1000_records!$E:AH,ecommerce_sales_1000_records!$G:AJ,AF$25,ecommerce_sales_1000_records!$C:AF,MTD!$A26) -> 0
A27: Electronics | B27: =SUM(C27:AG27) -> 1222701.8 | C27: =SUMIFS(ecommerce_sales_1000_records!$E:E,ecommerce_sales_1000_records!$G:G,C$25,ecommerce_sales_1000_records!$C:C,MTD!$A27) -> 57015.34 | D27: =SUMIFS(ecommerce_sales_1000_records!$E:F,ecommerce_sales_1000_records!$G:H,D$25,ecommerce_sales_1000_records!$C:D,MTD!$A27) -> 61767.71 | E27: =SUMIFS(ecommerce_sales_1000_records!$E:G,ecommerce_sales_1000_records!$G:I,E$25,ecommerce_sales_1000_records!$C:E,MTD!$A27) -> 2083.84 | F27: =SUMIFS(ecommerce_sales_1000_records!$E:H,ecommerce_sales_1000_records!$G:J,F$25,ecommerce_sales_1000_records!$C:F,MTD!$A27) -> 52190.07 | G27: =SUMIFS(ecommerce_sales_1000_records!$E:I,ecommerce_sales_1000_records!$G:K,G$25,ecommerce_sales_1000_records!$C:G,MTD!$A27) -> 30662.1 | H27: =SUMIFS(ecommerce_sales_1000_records!$E:J,ecommerce_sales_1000_records!$G:L,H$25,ecommerce_sales_1000_records!$C:H,MTD!$A27) -> 20320.77 | I27: =SUMIFS(ecommerce_sales_1000_records!$E:K,ecommerce_sales_1000_records!$G:M,I$25,ecommerce_sales_1000_records!$C:I,MTD!$A27) -> 2258.26 | J27: =SUMIFS(ecommerce_sales_1000_records!$E:L,ecommerce_sales_1000_records!$G:N,J$25,ecommerce_sales_1000_records!$C:J,MTD!$A27) -> 3175.5 | K27: =SUMIFS(ecommerce_sales_1000_records!$E:M,ecommerce_sales_1000_records!$G:O,K$25,ecommerce_sales_1000_records!$C:K,MTD!$A27) -> 1515.97 | L27: =SUMIFS(ecommerce_sales_1000_records!$E:N,ecommerce_sales_1000_records!$G:P,L$25,ecommerce_sales_1000_records!$C:L,MTD!$A27) -> 3773.89 | M27: =SUMIFS(ecommerce_sales_1000_records!$E:O,ecommerce_sales_1000_records!$G:Q,M$25,ecommerce_sales_1000_records!$C:M,MTD!$A27) -> 28835.25 | N27: =SUMIFS(ecommerce_sales_1000_records!$E:P,ecommerce_sales_1000_records!$G:R,N$25,ecommerce_sales_1000_records!$C:N,MTD!$A27) -> 20897.65 | O27: =SUMIFS(ecommerce_sales_1000_records!$E:Q,ecommerce_sales_1000_records!$G:S,O$25,ecommerce_sales_1000_records!$C:O,MTD!$A27) -> 0 | P27: =SUMIFS(ecommerce_sales_1000_records!$E:R,ecommerce_sales_1000_records!$G:T,P$25,ecommerce_sales_1000_records!$C:P,MTD!$A27) -> 28646.88 | Q27: =SUMIFS(ecommerce_sales_1000_records!$E:S,ecommerce_sales_1000_records!$G:U,Q$25,ecommerce_sales_1000_records!$C:Q,MTD!$A27) -> 0 | R27: =SUMIFS(ecommerce_sales_1000_records!$E:T,ecommerce_sales_1000_records!$G:V,R$25,ecommerce_sales_1000_records!$C:R,MTD!$A27) -> 130069.42 | S27: =SUMIFS(ecommerce_sales_1000_records!$E:U,ecommerce_sales_1000_records!$G:W,S$25,ecommerce_sales_1000_records!$C:S,MTD!$A27) -> 16373.65 | T27: =SUMIFS(ecommerce_sales_1000_records!$E:V,ecommerce_sales_1000_records!$G:X,T$25,ecommerce_sales_1000_records!$C:T,MTD!$A27) -> 114656.37 | U27: =SUMIFS(ecommerce_sales_1000_records!$E:W,ecommerce_sales_1000_records!$G:Y,U$25,ecommerce_sales_1000_records!$C:U,MTD!$A27) -> 20784.52 | V27: =SUMIFS(ecommerce_sales_1000_records!$E:X,ecommerce_sales_1000_records!$G:Z,V$25,ecommerce_sales_1000_records!$C:V,MTD!$A27) -> 0 | W27: =SUMIFS(ecommerce_sales_1000_records!$E:Y,ecommerce_sales_1000_records!$G:AA,W$25,ecommerce_sales_1000_records!$C:W,MTD!$A27) -> 57423.52 | X27: =SUMIFS(ecommerce_sales_1000_records!$E:Z,ecommerce_sales_1000_records!$G:AB,X$25,ecommerce_sales_1000_records!$C:X,MTD!$A27) -> 17764.43 | Y27: =SUMIFS(ecommerce_sales_1000_records!$E:AA,ecommerce_sales_1000_records!$G:AC,Y$25,ecommerce_sales_1000_records!$C:Y,MTD!$A27) -> 51561.93 | Z27: =SUMIFS(ecommerce_sales_1000_records!$E:AB,ecommerce_sales_1000_records!$G:AD,Z$25,ecommerce_sales_1000_records!$C:Z,MTD!$A27) -> 53507.29 | AA27: =SUMIFS(ecommerce_sales_1000_records!$E:AC,ecommerce_sales_1000_records!$G:AE,AA$25,ecommerce_sales_1000_records!$C:AA,MTD!$A27) -> 146722.01 | AB27: =SUMIFS(ecommerce_sales_1000_records!$E:AD,ecommerce_sales_1000_records!$G:AF,AB$25,ecommerce_sales_1000_records!$C:AB,MTD!$A27) -> 1411 | AC27: =SUMIFS(ecommerce_sales_1000_records!$E:AE,ecommerce_sales_1000_records!$G:AG,AC$25,ecommerce_sales_1000_records!$C:AC,MTD!$A27) -> 150065.27 | AD27: =SUMIFS(ecommerce_sales_1000_records!$E:AF,ecommerce_sales_1000_records!$G:AH,AD$25,ecommerce_sales_1000_records!$C:AD,MTD!$A27) -> 18531.14 | AE27: =SUMIFS(ecommerce_sales_1000_records!$E:AG,ecommerce_sales_1000_records!$G:AI,AE$25,ecommerce_sales_1000_records!$C:AE,MTD!$A27) -> 55926.89 | AF27: =SUMIFS(ecommerce_sales_1000_records!$E:AH,ecommerce_sales_1000_records!$G:AJ,AF$25,ecommerce_sales_1000_records!$C:AF,MTD!$A27) -> 74761.08
A28: Books | B28: =SUM(C28:AG28) -> 2213.98 | C28: =SUMIFS(ecommerce_sales_1000_records!$E:E,ecommerce_sales_1000_records!$G:G,C$25,ecommerce_sales_1000_records!$C:C,MTD!$A28) -> 0 | D28: =SUMIFS(ecommerce_sales_1000_records!$E:F,ecommerce_sales_1000_records!$G:H,D$25,ecommerce_sales_1000_records!$C:D,MTD!$A28) -> 0 | E28: =SUMIFS(ecommerce_sales_1000_records!$E:G,ecommerce_sales_1000_records!$G:I,E$25,ecommerce_sales_1000_records!$C:E,MTD!$A28) -> 901.52 | F28: =SUMIFS(ecommerce_sales_1000_records!$E:H,ecommerce_sales_1000_records!$G:J,F$25,ecommerce_sales_1000_records!$C:F,MTD!$A28) -> 0 | G28: =SUMIFS(ecommerce_sales_1000_records!$E:I,ecommerce_sales_1000_records!$G:K,G$25,ecommerce_sales_1000_records!$C:G,MTD!$A28) -> 0 | H28: =SUMIFS(ecommerce_sales_1000_records!$E:J,ecommerce_sales_1000_records!$G:L,H$25,ecommerce_sales_1000_records!$C:H,MTD!$A28) -> 0 | I28: =SUMIFS(ecommerce_sales_1000_records!$E:K,ecommerce_sales_1000_records!$G:M,I$25,ecommerce_sales_1000_records!$C:I,MTD!$A28) -> 0 | J28: =SUMIFS(ecommerce_sales_1000_records!$E:L,ecommerce_sales_1000_records!$G:N,J$25,ecommerce_sales_1000_records!$C:J,MTD!$A28) -> 0 | K28: =SUMIFS(ecommerce_sales_1000_records!$E:M,ecommerce_sales_1000_records!$G:O,K$25,ecommerce_sales_1000_records!$C:K,MTD!$A28) -> 0 | L28: =SUMIFS(ecommerce_sales_1000_records!$E:N,ecommerce_sales_1000_records!$G:P,L$25,ecommerce_sales_1000_records!$C:L,MTD!$A28) -> 0 | M28: =SUMIFS(ecommerce_sales_1000_records!$E:O,ecommerce_sales_1000_records!$G:Q,M$25,ecommerce_sales_1000_records!$C:M,MTD!$A28) -> 0 | N28: =SUMIFS(ecommerce_sales_1000_records!$E:P,ecommerce_sales_1000_records!$G:R,N$25,ecommerce_sales_1000_records!$C:N,MTD!$A28) -> 0 | O28: =SUMIFS(ecommerce_sales_1000_records!$E:Q,ecommerce_sales_1000_records!$G:S,O$25,ecommerce_sales_1000_records!$C:O,MTD!$A28) -> 0 | P28: =SUMIFS(ecommerce_sales_1000_records!$E:R,ecommerce_sales_1000_records!$G:T,P$25,ecommerce_sales_1000_records!$C:P,MTD!$A28) -> 465.77 | Q28: =SUMIFS(ecommerce_sales_1000_records!$E:S,ecommerce_sales_1000_records!$G:U,Q$25,ecommerce_sales_1000_records!$C:Q,MTD!$A28) -> 0 | R28: =SUMIFS(ecommerce_sales_1000_records!$E:T,ecommerce_sales_1000_records!$G:V,R$25,ecommerce_sales_1000_records!$C:R,MTD!$A28) -> 0 | S28: =SUMIFS(ecommerce_sales_1000_records!$E:U,ecommerce_sales_1000_records!$G:W,S$25,ecommerce_sales_1000_records!$C:S,MTD!$A28) -> 0 | T28: =SUMIFS(ecommerce_sales_1000_records!$E:V,ecommerce_sales_1000_records!$G:X,T$25,ecommerce_sales_1000_records!$C:T,MTD!$A28) -> 0 | U28: =SUMIFS(ecommerce_sales_1000_records!$E:W,ecommerce_sales_1000_records!$G:Y,U$25,ecommerce_sales_1000_records!$C:U,MTD!$A28) -> 0 | V28: =SUMIFS(ecommerce_sales_1000_records!$E:X,ecommerce_sales_1000_records!$G:Z,V$25,ecommerce_sales_1000_records!$C:V,MTD!$A28) -> 420.79 | W28: =SUMIFS(ecommerce_sales_1000_records!$E:Y,ecommerce_sales_1000_records!$G:AA,W$25,ecommerce_sales_1000_records!$C:W,MTD!$A28) -> 0 | X28: =SUMIFS(ecommerce_sales_1000_records!$E:Z,ecommerce_sales_1000_records!$G:AB,X$25,ecommerce_sales_1000_records!$C:X,MTD!$A28) -> 0 | Y28: =SUMIFS(ecommerce_sales_1000_records!$E:AA,ecommerce_sales_1000_records!$G:AC,Y$25,ecommerce_sales_1000_records!$C:Y,MTD!$A28) -> 0 | Z28: =SUMIFS(ecommerce_sales_1000_records!$E:AB,ecommerce_sales_1000_records!$G:AD,Z$25,ecommerce_sales_1000_records!$C:Z,MTD!$A28) -> 0 | AA28: =SUMIFS(ecommerce_sales_1000_records!$E:AC,ecommerce_sales_1000_records!$G:AE,AA$25,ecommerce_sales_1000_records!$C:AA,MTD!$A28) -> 0 | AB28: =SUMIFS(ecommerce_sales_1000_records!$E:AD,ecommerce_sales_1000_records!$G:AF,AB$25,ecommerce_sales_1000_records!$C:AB,MTD!$A28) -> 0 | AC28: =SUMIFS(ecommerce_sales_1000_records!$E:AE,ecommerce_sales_1000_records!$G:AG,AC$25,ecommerce_sales_1000_records!$C:AC,MTD!$A28) -> 0 | AD28: =SUMIFS(ecommerce_sales_1000_records!$E:AF,ecommerce_sales_1000_records!$G:AH,AD$25,ecommerce_sales_1000_records!$C:AD,MTD!$A28) -> 425.9 | AE28: =SUMIFS(ecommerce_sales_1000_records!$E:AG,ecommerce_sales_1000_records!$G:AI,AE$25,ecommerce_sales_1000_records!$C:AE,MTD!$A28) -> 0 | AF28: =SUMIFS(ecommerce_sales_1000_records!$E:AH,ecommerce_sales_1000_records!$G:AJ,AF$25,ecommerce_sales_1000_records!$C:AF,MTD!$A28) -> 0
A29: Fashion | B29: =SUM(C29:AG29) -> 71362.62 | C29: =SUMIFS(ecommerce_sales_1000_records!$E:E,ecommerce_sales_1000_records!$G:G,C$25,ecommerce_sales_1000_records!$C:C,MTD!$A29) -> 0 | D29: =SUMIFS(ecommerce_sales_1000_records!$E:F,ecommerce_sales_1000_records!$G:H,D$25,ecommerce_sales_1000_records!$C:D,MTD!$A29) -> 845.33 | E29: =SUMIFS(ecommerce_sales_1000_records!$E:G,ecommerce_sales_1000_records!$G:I,E$25,ecommerce_sales_1000_records!$C:E,MTD!$A29) -> 0 | F29: =SUMIFS(ecommerce_sales_1000_records!$E:H,ecommerce_sales_1000_records!$G:J,F$25,ecommerce_sales_1000_records!$C:F,MTD!$A29) -> 2073.71 | G29: =SUMIFS(ecommerce_sales_1000_records!$E:I,ecommerce_sales_1000_records!$G:K,G$25,ecommerce_sales_1000_records!$C:G,MTD!$A29) -> 0 | H29: =SUMIFS(ecommerce_sales_1000_records!$E:J,ecommerce_sales_1000_records!$G:L,H$25,ecommerce_sales_1000_records!$C:H,MTD!$A29) -> 3258.52 | I29: =SUMIFS(ecommerce_sales_1000_records!$E:K,ecommerce_sales_1000_records!$G:M,I$25,ecommerce_sales_1000_records!$C:I,MTD!$A29) -> 0 | J29: =SUMIFS(ecommerce_sales_1000_records!$E:L,ecommerce_sales_1000_records!$G:N,J$25,ecommerce_sales_1000_records!$C:J,MTD!$A29) -> 8960.88 | K29: =SUMIFS(ecommerce_sales_1000_records!$E:M,ecommerce_sales_1000_records!$G:O,K$25,ecommerce_sales_1000_records!$C:K,MTD!$A29) -> 3455.75 | L29: =SUMIFS(ecommerce_sales_1000_records!$E:N,ecommerce_sales_1000_records!$G:P,L$25,ecommerce_sales_1000_records!$C:L,MTD!$A29) -> 809.22 | M29: =SUMIFS(ecommerce_sales_1000_records!$E:O,ecommerce_sales_1000_records!$G:Q,M$25,ecommerce_sales_1000_records!$C:M,MTD!$A29) -> 750.41 | N29: =SUMIFS(ecommerce_sales_1000_records!$E:P,ecommerce_sales_1000_records!$G:R,N$25,ecommerce_sales_1000_records!$C:N,MTD!$A29) -> 0 | O29: =SUMIFS(ecommerce_sales_1000_records!$E:Q,ecommerce_sales_1000_records!$G:S,O$25,ecommerce_sales_1000_records!$C:O,MTD!$A29) -> 5067.55 | P29: =SUMIFS(ecommerce_sales_1000_records!$E:R,ecommerce_sales_1000_records!$G:T,P$25,ecommerce_sales_1000_records!$C:P,MTD!$A29) -> 1825.33 | Q29: =SUMIFS(ecommerce_sales_1000_records!$E:S,ecommerce_sales_1000_records!$G:U,Q$25,ecommerce_sales_1000_records!$C:Q,MTD!$A29) -> 0 | R29: =SUMIFS(ecommerce_sales_1000_records!$E:T,ecommerce_sales_1000_records!$G:V,R$25,ecommerce_sales_1000_records!$C:R,MTD!$A29) -> 7030.79 | S29: =SUMIFS(ecommerce_sales_1000_records!$E:U,ecommerce_sales_1000_records!$G:W,S$25,ecommerce_sales_1000_records!$C:S,MTD!$A29) -> 2756.01 | T29: =SUMIFS(ecommerce_sales_1000_records!$E:V,ecommerce_sales_1000_records!$G:X,T$25,ecommerce_sales_1000_records!$C:T,MTD!$A29) -> 2442.44 | U29: =SUMIFS(ecommerce_sales_1000_records!$E:W,ecommerce_sales_1000_records!$G:Y,U$25,ecommerce_sales_1000_records!$C:U,MTD!$A29) -> 2063.44 | V29: =SUMIFS(ecommerce_sales_1000_records!$E:X,ecommerce_sales_1000_records!$G:Z,V$25,ecommerce_sales_1000_records!$C:V,MTD!$A29) -> 2555.3 | W29: =SUMIFS(ecommerce_sales_1000_records!$E:Y,ecommerce_sales_1000_records!$G:AA,W$25,ecommerce_sales_1000_records!$C:W,MTD!$A29) -> 2870.9 | X29: =SUMIFS(ecommerce_sales_1000_records!$E:Z,ecommerce_sales_1000_records!$G:AB,X$25,ecommerce_sales_1000_records!$C:X,MTD!$A29) -> 2108.8 | Y29: =SUMIFS(ecommerce_sales_1000_records!$E:AA,ecommerce_sales_1000_records!$G:AC,Y$25,ecommerce_sales_1000_records!$C:Y,MTD!$A29) -> 4535.51 | Z29: =SUMIFS(ecommerce_sales_1000_records!$E:AB,ecommerce_sales_1000_records!$G:AD,Z$25,ecommerce_sales_1000_records!$C:Z,MTD!$A29) -> 0 | AA29: =SUMIFS(ecommerce_sales_1000_records!$E:AC,ecommerce_sales_1000_records!$G:AE,AA$25,ecommerce_sales_1000_records!$C:AA,MTD!$A29) -> 0 | AB29: =SUMIFS(ecommerce_sales_1000_records!$E:AD,ecommerce_sales_1000_records!$G:AF,AB$25,ecommerce_sales_1000_records!$C:AB,MTD!$A29) -> 6243.26 | AC29: =SUMIFS(ecommerce_sales_1000_records!$E:AE,ecommerce_sales_1000_records!$G:AG,AC$25,ecommerce_sales_1000_records!$C:AC,MTD!$A29) -> 0 | AD29: =SUMIFS(ecommerce_sales_1000_records!$E:AF,ecommerce_sales_1000_records!$G:AH,AD$25,ecommerce_sales_1000_records!$C:AD,MTD!$A29) -> 7528 | AE29: =SUMIFS(ecommerce_sales_1000_records!$E:AG,ecommerce_sales_1000_records!$G:AI,AE$25,ecommerce_sales_1000_records!$C:AE,MTD!$A29) -> 2139.83 | AF29: =SUMIFS(ecommerce_sales_1000_records!$E:AH,ecommerce_sales_1000_records!$G:AJ,AF$25,ecommerce_sales_1000_records!$C:AF,MTD!$A29) -> 2041.64
A30: Home Appliances | B30: =SUM(C30:AG30) -> 178787.71 | C30: =SUMIFS(ecommerce_sales_1000_records!$E:E,ecommerce_sales_1000_records!$G:G,C$25,ecommerce_sales_1000_records!$C:C,MTD!$A30) -> 8209.58 | D30: =SUMIFS(ecommerce_sales_1000_records!$E:F,ecommerce_sales_1000_records!$G:H,D$25,ecommerce_sales_1000_records!$C:D,MTD!$A30) -> 0 | E30: =SUMIFS(ecommerce_sales_1000_records!$E:G,ecommerce_sales_1000_records!$G:I,E$25,ecommerce_sales_1000_records!$C:E,MTD!$A30) -> 0 | F30: =SUMIFS(ecommerce_sales_1000_records!$E:H,ecommerce_sales_1000_records!$G:J,F$25,ecommerce_sales_1000_records!$C:F,MTD!$A30) -> 0 | G30: =SUMIFS(ecommerce_sales_1000_records!$E:I,ecommerce_sales_1000_records!$G:K,G$25,ecommerce_sales_1000_records!$C:G,MTD!$A30) -> 4359.84 | H30: =SUMIFS(ecommerce_sales_1000_records!$E:J,ecommerce_sales_1000_records!$G:L,H$25,ecommerce_sales_1000_records!$C:H,MTD!$A30) -> 11261.11 | I30: =SUMIFS(ecommerce_sales_1000_records!$E:K,ecommerce_sales_1000_records!$G:M,I$25,ecommerce_sales_1000_records!$C:I,MTD!$A30) -> 3382.71 | J30: =SUMIFS(ecommerce_sales_1000_records!$E:L,ecommerce_sales_1000_records!$G:N,J$25,ecommerce_sales_1000_records!$C:J,MTD!$A30) -> 6086.25 | K30: =SUMIFS(ecommerce_sales_1000_records!$E:M,ecommerce_sales_1000_records!$G:O,K$25,ecommerce_sales_1000_records!$C:K,MTD!$A30) -> 4281.42 | L30: =SUMIFS(ecommerce_sales_1000_records!$E:N,ecommerce_sales_1000_records!$G:P,L$25,ecommerce_sales_1000_records!$C:L,MTD!$A30) -> 3213.8 | M30: =SUMIFS(ecommerce_sales_1000_records!$E:O,ecommerce_sales_1000_records!$G:Q,M$25,ecommerce_sales_1000_records!$C:M,MTD!$A30) -> 3498.16 | N30: =SUMIFS(ecommerce_sales_1000_records!$E:P,ecommerce_sales_1000_records!$G:R,N$25,ecommerce_sales_1000_records!$C:N,MTD!$A30) -> 0 | O30: =SUMIFS(ecommerce_sales_1000_records!$E:Q,ecommerce_sales_1000_records!$G:S,O$25,ecommerce_sales_1000_records!$C:O,MTD!$A30) -> 9437.98 | P30: =SUMIFS(ecommerce_sales_1000_records!$E:R,ecommerce_sales_1000_records!$G:T,P$25,ecommerce_sales_1000_records!$C:P,MTD!$A30) -> 10192.03 | Q30: =SUMIFS(ecommerce_sales_1000_records!$E:S,ecommerce_sales_1000_records!$G:U,Q$25,ecommerce_sales_1000_records!$C:Q,MTD!$A30) -> 3731.9 | R30: =SUMIFS(ecommerce_sales_1000_records!$E:T,ecommerce_sales_1000_records!$G:V,R$25,ecommerce_sales_1000_records!$C:R,MTD!$A30) -> 7119.07 | S30: =SUMIFS(ecommerce_sales_1000_records!$E:U,ecommerce_sales_1000_records!$G:W,S$25,ecommerce_sales_1000_records!$C:S,MTD!$A30) -> 9818.83 | T30: =SUMIFS(ecommerce_sales_1000_records!$E:V,ecommerce_sales_1000_records!$G:X,T$25,ecommerce_sales_1000_records!$C:T,MTD!$A30) -> 3735 | U30: =SUMIFS(ecommerce_sales_1000_records!$E:W,ecommerce_sales_1000_records!$G:Y,U$25,ecommerce_sales_1000_records!$C:U,MTD!$A30) -> 0 | V30: =SUMIFS(ecommerce_sales_1000_records!$E:X,ecommerce_sales_1000_records!$G:Z,V$25,ecommerce_sales_1000_records!$C:V,MTD!$A30) -> 9676.43 | W30: =SUMIFS(ecommerce_sales_1000_records!$E:Y,ecommerce_sales_1000_records!$G:AA,W$25,ecommerce_sales_1000_records!$C:W,MTD!$A30) -> 4035.25 | X30: =SUMIFS(ecommerce_sales_1000_records!$E:Z,ecommerce_sales_1000_records!$G:AB,X$25,ecommerce_sales_1000_records!$C:X,MTD!$A30) -> 3567.46 | Y30: =SUMIFS(ecommerce_sales_1000_records!$E:AA,ecommerce_sales_1000_records!$G:AC,Y$25,ecommerce_sales_1000_records!$C:Y,MTD!$A30) -> 20744.52 | Z30: =SUMIFS(ecommerce_sales_1000_records!$E:AB,ecommerce_sales_1000_records!$G:AD,Z$25,ecommerce_sales_1000_records!$C:Z,MTD!$A30) -> 3629.29 | AA30: =SUMIFS(ecommerce_sales_1000_records!$E:AC,ecommerce_sales_1000_records!$G:AE,AA$25,ecommerce_sales_1000_records!$C:AA,MTD!$A30) -> 0 | AB30: =SUMIFS(ecommerce_sales_1000_records!$E:AD,ecommerce_sales_1000_records!$G:AF,AB$25,ecommerce_sales_1000_records!$C:AB,MTD!$A30) -> 22162.53 | AC30: =SUMIFS(ecommerce_sales_1000_records!$E:AE,ecommerce_sales_1000_records!$G:AG,AC$25,ecommerce_sales_1000_records!$C:AC,MTD!$A30) -> 4363.55 | AD30: =SUMIFS(ecommerce_sales_1000_records!$E:AF,ecommerce_sales_1000_records!$G:AH,AD$25,ecommerce_sales_1000_records!$C:AD,MTD!$A30) -> 7275.42 | AE30: =SUMIFS(ecommerce_sales_1000_records!$E:AG,ecommerce_sales_1000_records!$G:AI,AE$25,ecommerce_sales_1000_records!$C:AE,MTD!$A30) -> 6704.96 | AF30: =SUMIFS(ecommerce_sales_1000_records!$E:AH,ecommerce_sales_1000_records!$G:AJ,AF$25,ecommerce_sales_1000_records!$C:AF,MTD!$A30) -> 8300.62
A31: Total Sales : | B31: =SUM(B26:B30) -> 1561770.9 | C31: =SUM(C26:C30) -> 67080.52 | D31: =SUM(D26:D30) -> 70794.37 | E31: =SUM(E26:E30) -> 2985.36 | F31: =SUM(F26:F30) -> 59579.21 | G31: =SUM(G26:G30) -> 35021.94 | H31: =SUM(H26:H30) -> 34840.4 | I31: =SUM(I26:I30) -> 5640.97 | ... AF31: =SUM(AF26:AF30) -> 85103.34
A33: Date | B33: 46143 | C33: 46143 | D33: =C33+1 -> 46144 | E33: =D33+1 -> 46145 | F33: =E33+1 -> 46146 | G33: =F33+1 -> 46147 | H33: =G33+1 -> 46148 | I33: =H33+1 -> 46149 | J33: =I33+1 -> 46150 | K33: =J33+1 -> 46151 | ... AG33: =AF33+1 -> 46173
A34: Accessories | B34: =SUM(C34:AG34) -> 76709.79 | C34: =SUMIFS(ecommerce_sales_1000_records!$E:E,ecommerce_sales_1000_records!$G:G,C$33,ecommerce_sales_1000_records!$C:C,MTD!$A34) -> 4607.42 | D34: =SUMIFS(ecommerce_sales_1000_records!$E:F,ecommerce_sales_1000_records!$G:H,D$33,ecommerce_sales_1000_records!$C:D,MTD!$A34) -> 12315.32 | E34: =SUMIFS(ecommerce_sales_1000_records!$E:G,ecommerce_sales_1000_records!$G:I,E$33,ecommerce_sales_1000_records!$C:E,MTD!$A34) -> 0 | F34: =SUMIFS(ecommerce_sales_1000_records!$E:H,ecommerce_sales_1000_records!$G:J,F$33,ecommerce_sales_1000_records!$C:F,MTD!$A34) -> 0 | G34: =SUMIFS(ecommerce_sales_1000_records!$E:I,ecommerce_sales_1000_records!$G:K,G$33,ecommerce_sales_1000_records!$C:G,MTD!$A34) -> 4782.29 | H34: =SUMIFS(ecommerce_sales_1000_records!$E:J,ecommerce_sales_1000_records!$G:L,H$33,ecommerce_sales_1000_records!$C:H,MTD!$A34) -> 0 | I34: =SUMIFS(ecommerce_sales_1000_records!$E:K,ecommerce_sales_1000_records!$G:M,I$33,ecommerce_sales_1000_records!$C:I,MTD!$A34) -> 0 | J34: =SUMIFS(ecommerce_sales_1000_records!$E:L,ecommerce_sales_1000_records!$G:N,J$33,ecommerce_sales_1000_records!$C:J,MTD!$A34) -> 1873.02 | K34: =SUMIFS(ecommerce_sales_1000_records!$E:M,ecommerce_sales_1000_records!$G:O,K$33,ecommerce_sales_1000_records!$C:K,MTD!$A34) -> 0 | L34: =SUMIFS(ecommerce_sales_1000_records!$E:N,ecommerce_sales_1000_records!$G:P,L$33,ecommerce_sales_1000_records!$C:L,MTD!$A34) -> 5105.14 | M34: =SUMIFS(ecommerce_sales_1000_records!$E:O,ecommerce_sales_1000_records!$G:Q,M$33,ecommerce_sales_1000_records!$C:M,MTD!$A34) -> 1653.64 | N34: =SUMIFS(ecommerce_sales_1000_records!$E:P,ecommerce_sales_1000_records!$G:R,N$33,ecommerce_sales_1000_records!$C:N,MTD!$A34) -> 0 | O34: =SUMIFS(ecommerce_sales_1000_records!$E:Q,ecommerce_sales_1000_records!$G:S,O$33,ecommerce_sales_1000_records!$C:O,MTD!$A34) -> 0 | P34: =SUMIFS(ecommerce_sales_1000_records!$E:R,ecommerce_sales_1000_records!$G:T,P$33,ecommerce_sales_1000_records!$C:P,MTD!$A34) -> 0 | Q34: =SUMIFS(ecommerce_sales_1000_records!$E:S,ecommerce_sales_1000_records!$G:U,Q$33,ecommerce_sales_1000_records!$C:Q,MTD!$A34) -> 0 | R34: =SUMIFS(ecommerce_sales_1000_records!$E:T,ecommerce_sales_1000_records!$G:V,R$33,ecommerce_sales_1000_records!$C:R,MTD!$A34) -> 1752.85 | S34: =SUMIFS(ecommerce_sales_1000_records!$E:U,ecommerce_sales_1000_records!$G:W,S$33,ecommerce_sales_1000_records!$C:S,MTD!$A34) -> 5455.59 | T34: =SUMIFS(ecommerce_sales_1000_records!$E:V,ecommerce_sales_1000_records!$G:X,T$33,ecommerce_sales_1000_records!$C:T,MTD!$A34) -> 4515.82 | U34: =SUMIFS(ecommerce_sales_1000_records!$E:W,ecommerce_sales_1000_records!$G:Y,U$33,ecommerce_sales_1000_records!$C:U,MTD!$A34) -> 1650.85 | V34: =SUMIFS(ecommerce_sales_1000_records!$E:X,ecommerce_sales_1000_records!$G:Z,V$33,ecommerce_sales_1000_records!$C:V,MTD!$A34) -> 5380.69 | W34: =SUMIFS(ecommerce_sales_1000_records!$E:Y,ecommerce_sales_1000_records!$G:AA,W$33,ecommerce_sales_1000_records!$C:W,MTD!$A34) -> 0 | X34: =SUMIFS(ecommerce_sales_1000_records!$E:Z,ecommerce_sales_1000_records!$G:AB,X$33,ecommerce_sales_1000_records!$C:X,MTD!$A34) -> 11015.51 | Y34: =SUMIFS(ecommerce_sales_1000_records!$E:AA,ecommerce_sales_1000_records!$G:AC,Y$33,ecommerce_sales_1000_records!$C:Y,MTD!$A34) -> 0 | Z34: =SUMIFS(ecommerce_sales_1000_records!$E:AB,ecommerce_sales_1000_records!$G:AD,Z$33,ecommerce_sales_1000_records!$C:Z,MTD!$A34) -> 0 | AA34: =SUMIFS(ecommerce_sales_1000_records!$E:AC,ecommerce_sales_1000_records!$G:AE,AA$33,ecommerce_sales_1000_records!$C:AA,MTD!$A34) -> 0 | AB34: =SUMIFS(ecommerce_sales_1000_records!$E:AD,ecommerce_sales_1000_records!$G:AF,AB$33,ecommerce_sales_1000_records!$C:AB,MTD!$A34) -> 0 | AC34: =SUMIFS(ecommerce_sales_1000_records!$E:AE,ecommerce_sales_1000_records!$G:AG,AC$33,ecommerce_sales_1000_records!$C:AC,MTD!$A34) -> 0 | AD34: =SUMIFS(ecommerce_sales_1000_records!$E:AF,ecommerce_sales_1000_records!$G:AH,AD$33,ecommerce_sales_1000_records!$C:AD,MTD!$A34) -> 0 | AE34: =SUMIFS(ecommerce_sales_1000_records!$E:AG,ecommerce_sales_1000_records!$G:AI,AE$33,ecommerce_sales_1000_records!$C:AE,MTD!$A34) -> 5315.39 | AF34: =SUMIFS(ecommerce_sales_1000_records!$E:AH,ecommerce_sales_1000_records!$G:AJ,AF$33,ecommerce_sales_1000_records!$C:AF,MTD!$A34) -> 9534.57 | AG34: =SUMIFS(ecommerce_sales_1000_records!$E:AI,ecommerce_sales_1000_records!$G:AK,AG$33,ecommerce_sales_1000_records!$C:AG,MTD!$A34) -> 1751.69
A35: Electronics | B35: =SUM(C35:AG35) -> 1304164.5 | C35: =SUMIFS(ecommerce_sales_1000_records!$E:E,ecommerce_sales_1000_records!$G:G,C$33,ecommerce_sales_1000_records!$C:C,MTD!$A35) -> 57184.61 | D35: =SUMIFS(ecommerce_sales_1000_records!$E:F,ecommerce_sales_1000_records!$G:H,D$33,ecommerce_sales_1000_records!$C:D,MTD!$A35) -> 80694.94 | E35: =SUMIFS(ecommerce_sales_1000_records!$E:G,ecommerce_sales_1000_records!$G:I,E$33,ecommerce_sales_1000_records!$C:E,MTD!$A35) -> 61224.4 | F35: =SUMIFS(ecommerce_sales_1000_records!$E:H,ecommerce_sales_1000_records!$G:J,F$33,ecommerce_sales_1000_records!$C:F,MTD!$A35) -> 16798.72 | G35: =SUMIFS(ecommerce_sales_1000_records!$E:I,ecommerce_sales_1000_records!$G:K,G$33,ecommerce_sales_1000_records!$C:G,MTD!$A35) -> 29679.26 | H35: =SUMIFS(ecommerce_sales_1000_records!$E:J,ecommerce_sales_1000_records!$G:L,H$33,ecommerce_sales_1000_records!$C:H,MTD!$A35) -> 62518.04 | I35: =SUMIFS(ecommerce_sales_1000_records!$E:K,ecommerce_sales_1000_records!$G:M,I$33,ecommerce_sales_1000_records!$C:I,MTD!$A35) -> 74112.68 | J35: =SUMIFS(ecommerce_sales_1000_records!$E:L,ecommerce_sales_1000_records!$G:N,J$33,ecommerce_sales_1000_records!$C:J,MTD!$A35) -> 19980.04 | K35: =SUMIFS(ecommerce_sales_1000_records!$E:M,ecommerce_sales_1000_records!$G:O,K$33,ecommerce_sales_1000_records!$C:K,MTD!$A35) -> 2250.35 | L35: =SUMIFS(ecommerce_sales_1000_records!$E:N,ecommerce_sales_1000_records!$G:P,L$33,ecommerce_sales_1000_records!$C:L,MTD!$A35) -> 100553.05 | M35: =SUMIFS(ecommerce_sales_1000_records!$E:O,ecommerce_sales_1000_records!$G:Q,M$33,ecommerce_sales_1000_records!$C:M,MTD!$A35) -> 74485.53 | N35: =SUMIFS(ecommerce_sales_1000_records!$E:P,ecommerce_sales_1000_records!$G:R,N$33,ecommerce_sales_1000_records!$C:N,MTD!$A35) -> 58543.2 | O35: =SUMIFS(ecommerce_sales_1000_records!$E:Q,ecommerce_sales_1000_records!$G:S,O$33,ecommerce_sales_1000_records!$C:O,MTD!$A35) -> 0 | P35: =SUMIFS(ecommerce_sales_1000_records!$E:R,ecommerce_sales_1000_records!$G:T,P$33,ecommerce_sales_1000_records!$C:P,MTD!$A35) -> 73051.96 | Q35: =SUMIFS(ecommerce_sales_1000_records!$E:S,ecommerce_sales_1000_records!$G:U,Q$33,ecommerce_sales_1000_records!$C:Q,MTD!$A35) -> 3940.8 | R35: =SUMIFS(ecommerce_sales_1000_records!$E:T,ecommerce_sales_1000_records!$G:V,R$33,ecommerce_sales_1000_records!$C:R,MTD!$A35) -> 19088.47 | S35: =SUMIFS(ecommerce_sales_1000_records!$E:U,ecommerce_sales_1000_records!$G:W,S$33,ecommerce_sales_1000_records!$C:S,MTD!$A35) -> 18834.87 | T35: =SUMIFS(ecommerce_sales_1000_records!$E:V,ecommerce_sales_1000_records!$G:X,T$33,ecommerce_sales_1000_records!$C:T,MTD!$A35) -> 16773.73 | U35: =SUMIFS(ecommerce_sales_1000_records!$E:W,ecommerce_sales_1000_records!$G:Y,U$33,ecommerce_sales_1000_records!$C:U,MTD!$A35) -> 45178 | V35: =SUMIFS(ecommerce_sales_1000_records!$E:X,ecommerce_sales_1000_records!$G:Z,V$33,ecommerce_sales_1000_records!$C:V,MTD!$A35) -> 78351.51 | W35: =SUMIFS(ecommerce_sales_1000_records!$E:Y,ecommerce_sales_1000_records!$G:AA,W$33,ecommerce_sales_1000_records!$C:W,MTD!$A35) -> 2228.89 | X35: =SUMIFS(ecommerce_sales_1000_records!$E:Z,ecommerce_sales_1000_records!$G:AB,X$33,ecommerce_sales_1000_records!$C:X,MTD!$A35) -> 28922.11 | Y35: =SUMIFS(ecommerce_sales_1000_records!$E:AA,ecommerce_sales_1000_records!$G:AC,Y$33,ecommerce_sales_1000_records!$C:Y,MTD!$A35) -> 17751.53 | Z35: =SUMIFS(ecommerce_sales_1000_records!$E:AB,ecommerce_sales_1000_records!$G:AD,Z$33,ecommerce_sales_1000_records!$C:Z,MTD!$A35) -> 83891.4 | AA35: =SUMIFS(ecommerce_sales_1000_records!$E:AC,ecommerce_sales_1000_records!$G:AE,AA$33,ecommerce_sales_1000_records!$C:AA,MTD!$A35) -> 2935.95 | AB35: =SUMIFS(ecommerce_sales_1000_records!$E:AD,ecommerce_sales_1000_records!$G:AF,AB$33,ecommerce_sales_1000_records!$C:AB,MTD!$A35) -> 21605.56 | AC35: =SUMIFS(ecommerce_sales_1000_records!$E:AE,ecommerce_sales_1000_records!$G:AG,AC$33,ecommerce_sales_1000_records!$C:AC,MTD!$A35) -> 79130.25 | AD35: =SUMIFS(ecommerce_sales_1000_records!$E:AF,ecommerce_sales_1000_records!$G:AH,AD$33,ecommerce_sales_1000_records!$C:AD,MTD!$A35) -> 0 | AE35: =SUMIFS(ecommerce_sales_1000_records!$E:AG,ecommerce_sales_1000_records!$G:AI,AE$33,ecommerce_sales_1000_records!$C:AE,MTD!$A35) -> 87204.62 | AF35: =SUMIFS(ecommerce_sales_1000_records!$E:AH,ecommerce_sales_1000_records!$G:AJ,AF$33,ecommerce_sales_1000_records!$C:AF,MTD!$A35) -> 0 | AG35: =SUMIFS(ecommerce_sales_1000_records!$E:AI,ecommerce_sales_1000_records!$G:AK,AG$33,ecommerce_sales_1000_records!$C:AG,MTD!$A35) -> 87250.06
A36: Books | B36: =SUM(C36:AG36) -> 4565.48 | C36: =SUMIFS(ecommerce_sales_1000_records!$E:E,ecommerce_sales_1000_records!$G:G,C$33,ecommerce_sales_1000_records!$C:C,MTD!$A36) -> 0 | D36: =SUMIFS(ecommerce_sales_1000_records!$E:F,ecommerce_sales_1000_records!$G:H,D$33,ecommerce_sales_1000_records!$C:D,MTD!$A36) -> 0 | E36: =SUMIFS(ecommerce_sales_1000_records!$E:G,ecommerce_sales_1000_records!$G:I,E$33,ecommerce_sales_1000_records!$C:E,MTD!$A36) -> 424.72 | F36: =SUMIFS(ecommerce_sales_1000_records!$E:H,ecommerce_sales_1000_records!$G:J,F$33,ecommerce_sales_1000_records!$C:F,MTD!$A36) -> 482.63 | G36: =SUMIFS(ecommerce_sales_1000_records!$E:I,ecommerce_sales_1000_records!$G:K,G$33,ecommerce_sales_1000_records!$C:G,MTD!$A36) -> 0 | H36: =SUMIFS(ecommerce_sales_1000_records!$E:J,ecommerce_sales_1000_records!$G:L,H$33,ecommerce_sales_1000_records!$C:H,MTD!$A36) -> 484.69 | I36: =SUMIFS(ecommerce_sales_1000_records!$E:K,ecommerce_sales_1000_records!$G:M,I$33,ecommerce_sales_1000_records!$C:I,MTD!$A36) -> 0 | J36: =SUMIFS(ecommerce_sales_1000_records!$E:L,ecommerce_sales_1000_records!$G:N,J$33,ecommerce_sales_1000_records!$C:J,MTD!$A36) -> 0 | K36: =SUMIFS(ecommerce_sales_1000_records!$E:M,ecommerce_sales_1000_records!$G:O,K$33,ecommerce_sales_1000_records!$C:K,MTD!$A36) -> 0 | L36: =SUMIFS(ecommerce_sales_1000_records!$E:N,ecommerce_sales_1000_records!$G:P,L$33,ecommerce_sales_1000_records!$C:L,MTD!$A36) -> 847.21 | M36: =SUMIFS(ecommerce_sales_1000_records!$E:O,ecommerce_sales_1000_records!$G:Q,M$33,ecommerce_sales_1000_records!$C:M,MTD!$A36) -> 442.69 | N36: =SUMIFS(ecommerce_sales_1000_records!$E:P,ecommerce_sales_1000_records!$G:R,N$33,ecommerce_sales_1000_records!$C:N,MTD!$A36) -> 0 | O36: =SUMIFS(ecommerce_sales_1000_records!$E:Q,ecommerce_sales_1000_records!$G:S,O$33,ecommerce_sales_1000_records!$C:O,MTD!$A36) -> 0 | P36: =SUMIFS(ecommerce_sales_1000_records!$E:R,ecommerce_sales_1000_records!$G:T,P$33,ecommerce_sales_1000_records!$C:P,MTD!$A36) -> 0 | Q36: =SUMIFS(ecommerce_sales_1000_records!$E:S,ecommerce_sales_1000_records!$G:U,Q$33,ecommerce_sales_1000_records!$C:Q,MTD!$A36) -> 0 | R36: =SUMIFS(ecommerce_sales_1000_records!$E:T,ecommerce_sales_1000_records!$G:V,R$33,ecommerce_sales_1000_records!$C:R,MTD!$A36) -> 0 | S36: =SUMIFS(ecommerce_sales_1000_records!$E:U,ecommerce_sales_1000_records!$G:W,S$33,ecommerce_sales_1000_records!$C:S,MTD!$A36) -> 0 | T36: =SUMIFS(ecommerce_sales_1000_records!$E:V,ecommerce_sales_1000_records!$G:X,T$33,ecommerce_sales_1000_records!$C:T,MTD!$A36) -> 960.51 | U36: =SUMIFS(ecommerce_sales_1000_records!$E:W,ecommerce_sales_1000_records!$G:Y,U$33,ecommerce_sales_1000_records!$C:U,MTD!$A36) -> 480.3 | V36: =SUMIFS(ecommerce_sales_1000_records!$E:X,ecommerce_sales_1000_records!$G:Z,V$33,ecommerce_sales_1000_records!$C:V,MTD!$A36) -> 0 | W36: =SUMIFS(ecommerce_sales_1000_records!$E:Y,ecommerce_sales_1000_records!$G:AA,W$33,ecommerce_sales_1000_records!$C:W,MTD!$A36) -> 0 | X36: =SUMIFS(ecommerce_sales_1000_records!$E:Z,ecommerce_sales_1000_records!$G:AB,X$33,ecommerce_sales_1000_records!$C:X,MTD!$A36) -> 0 | Y36: =SUMIFS(ecommerce_sales_1000_records!$E:AA,ecommerce_sales_1000_records!$G:AC,Y$33,ecommerce_sales_1000_records!$C:Y,MTD!$A36) -> 0 | Z36: =SUMIFS(ecommerce_sales_1000_records!$E:AB,ecommerce_sales_1000_records!$G:AD,Z$33,ecommerce_sales_1000_records!$C:Z,MTD!$A36) -> 0 | AA36: =SUMIFS(ecommerce_sales_1000_records!$E:AC,ecommerce_sales_1000_records!$G:AE,AA$33,ecommerce_sales_1000_records!$C:AA,MTD!$A36) -> 442.73 | AB36: =SUMIFS(ecommerce_sales_1000_records!$E:AD,ecommerce_sales_1000_records!$G:AF,AB$33,ecommerce_sales_1000_records!$C:AB,MTD!$A36) -> 0 | AC36: =SUMIFS(ecommerce_sales_1000_records!$E:AE,ecommerce_sales_1000_records!$G:AG,AC$33,ecommerce_sales_1000_records!$C:AC,MTD!$A36) -> 0 | AD36: =SUMIFS(ecommerce_sales_1000_records!$E:AF,ecommerce_sales_1000_records!$G:AH,AD$33,ecommerce_sales_1000_records!$C:AD,MTD!$A36) -> 0 | AE36: =SUMIFS(ecommerce_sales_1000_records!$E:AG,ecommerce_sales_1000_records!$G:AI,AE$33,ecommerce_sales_1000_records!$C:AE,MTD!$A36) -> 0 | AF36: =SUMIFS(ecommerce_sales_1000_records!$E:AH,ecommerce_sales_1000_records!$G:AJ,AF$33,ecommerce_sales_1000_records!$C:AF,MTD!$A36) -> 0 | AG36: =SUMIFS(ecommerce_sales_1000_records!$E:AI,ecommerce_sales_1000_records!$G:AK,AG$33,ecommerce_sales_1000_records!$C:AG,MTD!$A36) -> 0
A37: Fashion | B37: =SUM(C37:AG37) -> 80989.91 | C37: =SUMIFS(ecommerce_sales_1000_records!$E:E,ecommerce_sales_1000_records!$G:G,C$33,ecommerce_sales_1000_records!$C:C,MTD!$A37) -> 4705.33 | D37: =SUMIFS(ecommerce_sales_1000_records!$E:F,ecommerce_sales_1000_records!$G:H,D$33,ecommerce_sales_1000_records!$C:D,MTD!$A37) -> 4514.13 | E37: =SUMIFS(ecommerce_sales_1000_records!$E:G,ecommerce_sales_1000_records!$G:I,E$33,ecommerce_sales_1000_records!$C:E,MTD!$A37) -> 1600.43 | F37: =SUMIFS(ecommerce_sales_1000_records!$E:H,ecommerce_sales_1000_records!$G:J,F$33,ecommerce_sales_1000_records!$C:F,MTD!$A37) -> 2557.89 | G37: =SUMIFS(ecommerce_sales_1000_records!$E:I,ecommerce_sales_1000_records!$G:K,G$33,ecommerce_sales_1000_records!$C:G,MTD!$A37) -> 0 | H37: =SUMIFS(ecommerce_sales_1000_records!$E:J,ecommerce_sales_1000_records!$G:L,H$33,ecommerce_sales_1000_records!$C:H,MTD!$A37) -> 2029.5 | I37: =SUMIFS(ecommerce_sales_1000_records!$E:K,ecommerce_sales_1000_records!$G:M,I$33,ecommerce_sales_1000_records!$C:I,MTD!$A37) -> 0 | J37: =SUMIFS(ecommerce_sales_1000_records!$E:L,ecommerce_sales_1000_records!$G:N,J$33,ecommerce_sales_1000_records!$C:J,MTD!$A37) -> 0 | K37: =SUMIFS(ecommerce_sales_1000_records!$E:M,ecommerce_sales_1000_records!$G:O,K$33,ecommerce_sales_1000_records!$C:K,MTD!$A37) -> 5978.23 | L37: =SUMIFS(ecommerce_sales_1000_records!$E:N,ecommerce_sales_1000_records!$G:P,L$33,ecommerce_sales_1000_records!$C:L,MTD!$A37) -> 4590.79 | M37: =SUMIFS(ecommerce_sales_1000_records!$E:O,ecommerce_sales_1000_records!$G:Q,M$33,ecommerce_sales_1000_records!$C:M,MTD!$A37) -> 2747.56 | N37: =SUMIFS(ecommerce_sales_1000_records!$E:P,ecommerce_sales_1000_records!$G:R,N$33,ecommerce_sales_1000_records!$C:N,MTD!$A37) -> 4945.93 | O37: =SUMIFS(ecommerce_sales_1000_records!$E:Q,ecommerce_sales_1000_records!$G:S,O$33,ecommerce_sales_1000_records!$C:O,MTD!$A37) -> 0 | P37: =SUMIFS(ecommerce_sales_1000_records!$E:R,ecommerce_sales_1000_records!$G:T,P$33,ecommerce_sales_1000_records!$C:P,MTD!$A37) -> 832.36 | Q37: =SUMIFS(ecommerce_sales_1000_records!$E:S,ecommerce_sales_1000_records!$G:U,Q$33,ecommerce_sales_1000_records!$C:Q,MTD!$A37) -> 1756 | R37: =SUMIFS(ecommerce_sales_1000_records!$E:T,ecommerce_sales_1000_records!$G:V,R$33,ecommerce_sales_1000_records!$C:R,MTD!$A37) -> 1829.64 | S37: =SUMIFS(ecommerce_sales_1000_records!$E:U,ecommerce_sales_1000_records!$G:W,S$33,ecommerce_sales_1000_records!$C:S,MTD!$A37) -> 4880.39 | T37: =SUMIFS(ecommerce_sales_1000_records!$E:V,ecommerce_sales_1000_records!$G:X,T$33,ecommerce_sales_1000_records!$C:T,MTD!$A37) -> 3636.48 | U37: =SUMIFS(ecommerce_sales_1000_records!$E:W,ecommerce_sales_1000_records!$G:Y,U$33,ecommerce_sales_1000_records!$C:U,MTD!$A37) -> 2336.88 | V37: =SUMIFS(ecommerce_sales_1000_records!$E:X,ecommerce_sales_1000_records!$G:Z,V$33,ecommerce_sales_1000_records!$C:V,MTD!$A37) -> 0 | W37: =SUMIFS(ecommerce_sales_1000_records!$E:Y,ecommerce_sales_1000_records!$G:AA,W$33,ecommerce_sales_1000_records!$C:W,MTD!$A37) -> 6580.41 | X37: =SUMIFS(ecommerce_sales_1000_records!$E:Z,ecommerce_sales_1000_records!$G:AB,X$33,ecommerce_sales_1000_records!$C:X,MTD!$A37) -> 771.22 | Y37: =SUMIFS(ecommerce_sales_1000_records!$E:AA,ecommerce_sales_1000_records!$G:AC,Y$33,ecommerce_sales_1000_records!$C:Y,MTD!$A37) -> 2974.13 | Z37: =SUMIFS(ecommerce_sales_1000_records!$E:AB,ecommerce_sales_1000_records!$G:AD,Z$33,ecommerce_sales_1000_records!$C:Z,MTD!$A37) -> 4470.85 | AA37: =SUMIFS(ecommerce_sales_1000_records!$E:AC,ecommerce_sales_1000_records!$G:AE,AA$33,ecommerce_sales_1000_records!$C:AA,MTD!$A37) -> 2339.77 | AB37: =SUMIFS(ecommerce_sales_1000_records!$E:AD,ecommerce_sales_1000_records!$G:AF,AB$33,ecommerce_sales_1000_records!$C:AB,MTD!$A37) -> 3192.12 | AC37: =SUMIFS(ecommerce_sales_1000_records!$E:AE,ecommerce_sales_1000_records!$G:AG,AC$33,ecommerce_sales_1000_records!$C:AC,MTD!$A37) -> 4809.42 | AD37: =SUMIFS(ecommerce_sales_1000_records!$E:AF,ecommerce_sales_1000_records!$G:AH,AD$33,ecommerce_sales_1000_records!$C:AD,MTD!$A37) -> 2988.91 | AE37: =SUMIFS(ecommerce_sales_1000_records!$E:AG,ecommerce_sales_1000_records!$G:AI,AE$33,ecommerce_sales_1000_records!$C:AE,MTD!$A37) -> 3921.54 | AF37: =SUMIFS(ecommerce_sales_1000_records!$E:AH,ecommerce_sales_1000_records!$G:AJ,AF$33,ecommerce_sales_1000_records!$C:AF,MTD!$A37) -> 0 | AG37: =SUMIFS(ecommerce_sales_1000_records!$E:AI,ecommerce_sales_1000_records!$G:AK,AG$33,ecommerce_sales_1000_records!$C:AG,MTD!$A37) -> 0
A38: Home Appliances | B38: =SUM(C38:AG38) -> 225640.29 | C38: =SUMIFS(ecommerce_sales_1000_records!$E:E,ecommerce_sales_1000_records!$G:G,C$33,ecommerce_sales_1000_records!$C:C,MTD!$A38) -> 18896.22 | D38: =SUMIFS(ecommerce_sales_1000_records!$E:F,ecommerce_sales_1000_records!$G:H,D$33,ecommerce_sales_1000_records!$C:D,MTD!$A38) -> 24259.02 | E38: =SUMIFS(ecommerce_sales_1000_records!$E:G,ecommerce_sales_1000_records!$G:I,E$33,ecommerce_sales_1000_records!$C:E,MTD!$A38) -> 10718.08 | F38: =SUMIFS(ecommerce_sales_1000_records!$E:H,ecommerce_sales_1000_records!$G:J,F$33,ecommerce_sales_1000_records!$C:F,MTD!$A38) -> 8383.08 | G38: =SUMIFS(ecommerce_sales_1000_records!$E:I,ecommerce_sales_1000_records!$G:K,G$33,ecommerce_sales_1000_records!$C:G,MTD!$A38) -> 3789.4 | H38: =SUMIFS(ecommerce_sales_1000_records!$E:J,ecommerce_sales_1000_records!$G:L,H$33,ecommerce_sales_1000_records!$C:H,MTD!$A38) -> 7239.02 | I38: =SUMIFS(ecommerce_sales_1000_records!$E:K,ecommerce_sales_1000_records!$G:M,I$33,ecommerce_sales_1000_records!$C:I,MTD!$A38) -> 0 | J38: =SUMIFS(ecommerce_sales_1000_records!$E:L,ecommerce_sales_1000_records!$G:N,J$33,ecommerce_sales_1000_records!$C:J,MTD!$A38) -> 6655.62 | K38: =SUMIFS(ecommerce_sales_1000_records!$E:M,ecommerce_sales_1000_records!$G:O,K$33,ecommerce_sales_1000_records!$C:K,MTD!$A38) -> 7457.48 | L38: =SUMIFS(ecommerce_sales_1000_records!$E:N,ecommerce_sales_1000_records!$G:P,L$33,ecommerce_sales_1000_records!$C:L,MTD!$A38) -> 0 | M38: =SUMIFS(ecommerce_sales_1000_records!$E:O,ecommerce_sales_1000_records!$G:Q,M$33,ecommerce_sales_1000_records!$C:M,MTD!$A38) -> 0 | N38: =SUMIFS(ecommerce_sales_1000_records!$E:P,ecommerce_sales_1000_records!$G:R,N$33,ecommerce_sales_1000_records!$C:N,MTD!$A38) -> 4039.07 | O38: =SUMIFS(ecommerce_sales_1000_records!$E:Q,ecommerce_sales_1000_records!$G:S,O$33,ecommerce_sales_1000_records!$C:O,MTD!$A38) -> 3242.89 | P38: =SUMIFS(ecommerce_sales_1000_records!$E:R,ecommerce_sales_1000_records!$G:T,P$33,ecommerce_sales_1000_records!$C:P,MTD!$A38) -> 7252.54 | Q38: =SUMIFS(ecommerce_sales_1000_records!$E:S,ecommerce_sales_1000_records!$G:U,Q$33,ecommerce_sales_1000_records!$C:Q,MTD!$A38) -> 4618.42 | R38: =SUMIFS(ecommerce_sales_1000_records!$E:T,ecommerce_sales_1000_records!$G:V,R$33,ecommerce_sales_1000_records!$C:R,MTD!$A38) -> 3500.33 | S38: =SUMIFS(ecommerce_sales_1000_records!$E:U,ecommerce_sales_1000_records!$G:W,S$33,ecommerce_sales_1000_records!$C:S,MTD!$A38) -> 6758.45 | T38: =SUMIFS(ecommerce_sales_1000_records!$E:V,ecommerce_sales_1000_records!$G:X,T$33,ecommerce_sales_1000_records!$C:T,MTD!$A38) -> 0 | U38: =SUMIFS(ecommerce_sales_1000_records!$E:W,ecommerce_sales_1000_records!$G:Y,U$33,ecommerce_sales_1000_records!$C:U,MTD!$A38) -> 0 | V38: =SUMIFS(ecommerce_sales_1000_records!$E:X,ecommerce_sales_1000_records!$G:Z,V$33,ecommerce_sales_1000_records!$C:V,MTD!$A38) -> 10240.24 | W38: =SUMIFS(ecommerce_sales_1000_records!$E:Y,ecommerce_sales_1000_records!$G:AA,W$33,ecommerce_sales_1000_records!$C:W,MTD!$A38) -> 0 | X38: =SUMIFS(ecommerce_sales_1000_records!$E:Z,ecommerce_sales_1000_records!$G:AB,X$33,ecommerce_sales_1000_records!$C:X,MTD!$A38) -> 4206.16 | Y38: =SUMIFS(ecommerce_sales_1000_records!$E:AA,ecommerce_sales_1000_records!$G:AC,Y$33,ecommerce_sales_1000_records!$C:Y,MTD!$A38) -> 3820.14 | Z38: =SUMIFS(ecommerce_sales_1000_records!$E:AB,ecommerce_sales_1000_records!$G:AD,Z$33,ecommerce_sales_1000_records!$C:Z,MTD!$A38) -> 22465.42 | AA38: =SUMIFS(ecommerce_sales_1000_records!$E:AC,ecommerce_sales_1000_records!$G:AE,AA$33,ecommerce_sales_1000_records!$C:AA,MTD!$A38) -> 10197.65 | AB38: =SUMIFS(ecommerce_sales_1000_records!$E:AD,ecommerce_sales_1000_records!$G:AF,AB$33,ecommerce_sales_1000_records!$C:AB,MTD!$A38) -> 6161.29 | AC38: =SUMIFS(ecommerce_sales_1000_records!$E:AE,ecommerce_sales_1000_records!$G:AG,AC$33,ecommerce_sales_1000_records!$C:AC,MTD!$A38) -> 13157.78 | AD38: =SUMIFS(ecommerce_sales_1000_records!$E:AF,ecommerce_sales_1000_records!$G:AH,AD$33,ecommerce_sales_1000_records!$C:AD,MTD!$A38) -> 12636.37 | AE38: =SUMIFS(ecommerce_sales_1000_records!$E:AG,ecommerce_sales_1000_records!$G:AI,AE$33,ecommerce_sales_1000_records!$C:AE,MTD!$A38) -> 0 | AF38: =SUMIFS(ecommerce_sales_1000_records!$E:AH,ecommerce_sales_1000_records!$G:AJ,AF$33,ecommerce_sales_1000_records!$C:AF,MTD!$A38) -> 19727.93 | AG38: =SUMIFS(ecommerce_sales_1000_records!$E:AI,ecommerce_sales_1000_records!$G:AK,AG$33,ecommerce_sales_1000_records!$C:AG,MTD!$A38) -> 6217.69
A39: Total Sales : | B39: =SUM(B34:B38) -> 1692070 | C39: =SUM(C34:C38) -> 85393.58 | D39: =SUM(D34:D38) -> 121783.41 | E39: =SUM(E34:E38) -> 73967.63 | F39: =SUM(F34:F38) -> 28222.32 | G39: =SUM(G34:G38) -> 38250.95 | H39: =SUM(H34:H38) -> 72271.25 | I39: =SUM(I34:I38) -> 74112.68 | ... AG39: =SUM(AG34:AG38) -> 95219.44
A41: Date | B41: 46174 | C41: 46174 | D41: =C41+1 -> 46175 | E41: =D41+1 -> 46176 | F41: =E41+1 -> 46177 | G41: =F41+1 -> 46178 | H41: =G41+1 -> 46179 | I41: =H41+1 -> 46180 | J41: =I41+1 -> 46181 | K41: =J41+1 -> 46182 | ... AF41: =AE41+1 -> 46203
A42: Accessories | B42: =SUM(C42:AG42) -> 110383.39 | C42: =SUMIFS(ecommerce_sales_1000_records!$E:E,ecommerce_sales_1000_records!$G:G,C$41,ecommerce_sales_1000_records!$C:C,MTD!$A42) -> 0 | D42: =SUMIFS(ecommerce_sales_1000_records!$E:F,ecommerce_sales_1000_records!$G:H,D$41,ecommerce_sales_1000_records!$C:D,MTD!$A42) -> 5407.82 | E42: =SUMIFS(ecommerce_sales_1000_records!$E:G,ecommerce_sales_1000_records!$G:I,E$41,ecommerce_sales_1000_records!$C:E,MTD!$A42) -> 1709.34 | F42: =SUMIFS(ecommerce_sales_1000_records!$E:H,ecommerce_sales_1000_records!$G:J,F$41,ecommerce_sales_1000_records!$C:F,MTD!$A42) -> 1891.84 | G42: =SUMIFS(ecommerce_sales_1000_records!$E:I,ecommerce_sales_1000_records!$G:K,G$41,ecommerce_sales_1000_records!$C:G,MTD!$A42) -> 1872.66 | H42: =SUMIFS(ecommerce_sales_1000_records!$E:J,ecommerce_sales_1000_records!$G:L,H$41,ecommerce_sales_1000_records!$C:H,MTD!$A42) -> 0 | I42: =SUMIFS(ecommerce_sales_1000_records!$E:K,ecommerce_sales_1000_records!$G:M,I$41,ecommerce_sales_1000_records!$C:I,MTD!$A42) -> 10372.26 | J42: =SUMIFS(ecommerce_sales_1000_records!$E:L,ecommerce_sales_1000_records!$G:N,J$41,ecommerce_sales_1000_records!$C:J,MTD!$A42) -> 0 | K42: =SUMIFS(ecommerce_sales_1000_records!$E:M,ecommerce_sales_1000_records!$G:O,K$41,ecommerce_sales_1000_records!$C:K,MTD!$A42) -> 17076.32 | L42: =SUMIFS(ecommerce_sales_1000_records!$E:N,ecommerce_sales_1000_records!$G:P,L$41,ecommerce_sales_1000_records!$C:L,MTD!$A42) -> 6981.48 | M42: =SUMIFS(ecommerce_sales_1000_records!$E:O,ecommerce_sales_1000_records!$G:Q,M$41,ecommerce_sales_1000_records!$C:M,MTD!$A42) -> 4730.91 | N42: =SUMIFS(ecommerce_sales_1000_records!$E:P,ecommerce_sales_1000_records!$G:R,N$41,ecommerce_sales_1000_records!$C:N,MTD!$A42) -> 0 | O42: =SUMIFS(ecommerce_sales_1000_records!$E:Q,ecommerce_sales_1000_records!$G:S,O$41,ecommerce_sales_1000_records!$C:O,MTD!$A42) -> 0 | P42: =SUMIFS(ecommerce_sales_1000_records!$E:R,ecommerce_sales_1000_records!$G:T,P$41,ecommerce_sales_1000_records!$C:P,MTD!$A42) -> 0 | Q42: =SUMIFS(ecommerce_sales_1000_records!$E:S,ecommerce_sales_1000_records!$G:U,Q$41,ecommerce_sales_1000_records!$C:Q,MTD!$A42) -> 0 | R42: =SUMIFS(ecommerce_sales_1000_records!$E:T,ecommerce_sales_1000_records!$G:V,R$41,ecommerce_sales_1000_records!$C:R,MTD!$A42) -> 5327.74 | S42: =SUMIFS(ecommerce_sales_1000_records!$E:U,ecommerce_sales_1000_records!$G:W,S$41,ecommerce_sales_1000_records!$C:S,MTD!$A42) -> 5292.04 | T42: =SUMIFS(ecommerce_sales_1000_records!$E:V,ecommerce_sales_1000_records!$G:X,T$41,ecommerce_sales_1000_records!$C:T,MTD!$A42) -> 3906.11 | U42: =SUMIFS(ecommerce_sales_1000_records!$E:W,ecommerce_sales_1000_records!$G:Y,U$41,ecommerce_sales_1000_records!$C:U,MTD!$A42) -> 9449.82 | V42: =SUMIFS(ecommerce_sales_1000_records!$E:X,ecommerce_sales_1000_records!$G:Z,V$41,ecommerce_sales_1000_records!$C:V,MTD!$A42) -> 12092.7 | W42: =SUMIFS(ecommerce_sales_1000_records!$E:Y,ecommerce_sales_1000_records!$G:AA,W$41,ecommerce_sales_1000_records!$C:W,MTD!$A42) -> 1849.79 | X42: =SUMIFS(ecommerce_sales_1000_records!$E:Z,ecommerce_sales_1000_records!$G:AB,X$41,ecommerce_sales_1000_records!$C:X,MTD!$A42) -> 7103.43 | Y42: =SUMIFS(ecommerce_sales_1000_records!$E:AA,ecommerce_sales_1000_records!$G:AC,Y$41,ecommerce_sales_1000_records!$C:Y,MTD!$A42) -> 4531.48 | Z42: =SUMIFS(ecommerce_sales_1000_records!$E:AB,ecommerce_sales_1000_records!$G:AD,Z$41,ecommerce_sales_1000_records!$C:Z,MTD!$A42) -> 0 | AA42: =SUMIFS(ecommerce_sales_1000_records!$E:AC,ecommerce_sales_1000_records!$G:AE,AA$41,ecommerce_sales_1000_records!$C:AA,MTD!$A42) -> 0 | AB42: =SUMIFS(ecommerce_sales_1000_records!$E:AD,ecommerce_sales_1000_records!$G:AF,AB$41,ecommerce_sales_1000_records!$C:AB,MTD!$A42) -> 3412.13 | AC42: =SUMIFS(ecommerce_sales_1000_records!$E:AE,ecommerce_sales_1000_records!$G:AG,AC$41,ecommerce_sales_1000_records!$C:AC,MTD!$A42) -> 5472.63 | AD42: =SUMIFS(ecommerce_sales_1000_records!$E:AF,ecommerce_sales_1000_records!$G:AH,AD$41,ecommerce_sales_1000_records!$C:AD,MTD!$A42) -> 1902.89 | AE42: =SUMIFS(ecommerce_sales_1000_records!$E:AG,ecommerce_sales_1000_records!$G:AI,AE$41,ecommerce_sales_1000_records!$C:AE,MTD!$A42) -> 0 | AF42: =SUMIFS(ecommerce_sales_1000_records!$E:AH,ecommerce_sales_1000_records!$G:AJ,AF$41,ecommerce_sales_1000_records!$C:AF,MTD!$A42) -> 0
A43: Electronics | B43: =SUM(C43:AG43) -> 735069.27 | C43: =SUMIFS(ecommerce_sales_1000_records!$E:E,ecommerce_sales_1000_records!$G:G,C$41,ecommerce_sales_1000_records!$C:C,MTD!$A43) -> 60659.47 | D43: =SUMIFS(ecommerce_sales_1000_records!$E:F,ecommerce_sales_1000_records!$G:H,D$41,ecommerce_sales_1000_records!$C:D,MTD!$A43) -> 71106.81 | E43: =SUMIFS(ecommerce_sales_1000_records!$E:G,ecommerce_sales_1000_records!$G:I,E$41,ecommerce_sales_1000_records!$C:E,MTD!$A43) -> 0 | F43: =SUMIFS(ecommerce_sales_1000_records!$E:H,ecommerce_sales_1000_records!$G:J,F$41,ecommerce_sales_1000_records!$C:F,MTD!$A43) -> 0 | G43: =SUMIFS(ecommerce_sales_1000_records!$E:I,ecommerce_sales_1000_records!$G:K,G$41,ecommerce_sales_1000_records!$C:G,MTD!$A43) -> 27615.41 | H43: =SUMIFS(ecommerce_sales_1000_records!$E:J,ecommerce_sales_1000_records!$G:L,H$41,ecommerce_sales_1000_records!$C:H,MTD!$A43) -> 0 | I43: =SUMIFS(ecommerce_sales_1000_records!$E:K,ecommerce_sales_1000_records!$G:M,I$41,ecommerce_sales_1000_records!$C:I,MTD!$A43) -> 53815.09 | J43: =SUMIFS(ecommerce_sales_1000_records!$E:L,ecommerce_sales_1000_records!$G:N,J$41,ecommerce_sales_1000_records!$C:J,MTD!$A43) -> 34474.46 | K43: =SUMIFS(ecommerce_sales_1000_records!$E:M,ecommerce_sales_1000_records!$G:O,K$41,ecommerce_sales_1000_records!$C:K,MTD!$A43) -> 0 | L43: =SUMIFS(ecommerce_sales_1000_records!$E:N,ecommerce_sales_1000_records!$G:P,L$41,ecommerce_sales_1000_records!$C:L,MTD!$A43) -> 16483.68 | M43: =SUMIFS(ecommerce_sales_1000_records!$E:O,ecommerce_sales_1000_records!$G:Q,M$41,ecommerce_sales_1000_records!$C:M,MTD!$A43) -> 0 | N43: =SUMIFS(ecommerce_sales_1000_records!$E:P,ecommerce_sales_1000_records!$G:R,N$41,ecommerce_sales_1000_records!$C:N,MTD!$A43) -> 86736.89 | O43: =SUMIFS(ecommerce_sales_1000_records!$E:Q,ecommerce_sales_1000_records!$G:S,O$41,ecommerce_sales_1000_records!$C:O,MTD!$A43) -> 0 | P43: =SUMIFS(ecommerce_sales_1000_records!$E:R,ecommerce_sales_1000_records!$G:T,P$41,ecommerce_sales_1000_records!$C:P,MTD!$A43) -> 16530.02 | Q43: =SUMIFS(ecommerce_sales_1000_records!$E:S,ecommerce_sales_1000_records!$G:U,Q$41,ecommerce_sales_1000_records!$C:Q,MTD!$A43) -> 59358.77 | R43: =SUMIFS(ecommerce_sales_1000_records!$E:T,ecommerce_sales_1000_records!$G:V,R$41,ecommerce_sales_1000_records!$C:R,MTD!$A43) -> 3587.07 | S43: =SUMIFS(ecommerce_sales_1000_records!$E:U,ecommerce_sales_1000_records!$G:W,S$41,ecommerce_sales_1000_records!$C:S,MTD!$A43) -> 1639.15 | T43: =SUMIFS(ecommerce_sales_1000_records!$E:V,ecommerce_sales_1000_records!$G:X,T$41,ecommerce_sales_1000_records!$C:T,MTD!$A43) -> 26795.56 | U43: =SUMIFS(ecommerce_sales_1000_records!$E:W,ecommerce_sales_1000_records!$G:Y,U$41,ecommerce_sales_1000_records!$C:U,MTD!$A43) -> 19752.55 | V43: =SUMIFS(ecommerce_sales_1000_records!$E:X,ecommerce_sales_1000_records!$G:Z,V$41,ecommerce_sales_1000_records!$C:V,MTD!$A43) -> 0 | W43: =SUMIFS(ecommerce_sales_1000_records!$E:Y,ecommerce_sales_1000_records!$G:AA,W$41,ecommerce_sales_1000_records!$C:W,MTD!$A43) -> 0 | X43: =SUMIFS(ecommerce_sales_1000_records!$E:Z,ecommerce_sales_1000_records!$G:AB,X$41,ecommerce_sales_1000_records!$C:X,MTD!$A43) -> 1526.14 | Y43: =SUMIFS(ecommerce_sales_1000_records!$E:AA,ecommerce_sales_1000_records!$G:AC,Y$41,ecommerce_sales_1000_records!$C:Y,MTD!$A43) -> 20722.9 | Z43: =SUMIFS(ecommerce_sales_1000_records!$E:AB,ecommerce_sales_1000_records!$G:AD,Z$41,ecommerce_sales_1000_records!$C:Z,MTD!$A43) -> 55383.33 | AA43: =SUMIFS(ecommerce_sales_1000_records!$E:AC,ecommerce_sales_1000_records!$G:AE,AA$41,ecommerce_sales_1000_records!$C:AA,MTD!$A43) -> 21059.83 | AB43: =SUMIFS(ecommerce_sales_1000_records!$E:AD,ecommerce_sales_1000_records!$G:AF,AB$41,ecommerce_sales_1000_records!$C:AB,MTD!$A43) -> 101671.14 | AC43: =SUMIFS(ecommerce_sales_1000_records!$E:AE,ecommerce_sales_1000_records!$G:AG,AC$41,ecommerce_sales_1000_records!$C:AC,MTD!$A43) -> 1385.08 | AD43: =SUMIFS(ecommerce_sales_1000_records!$E:AF,ecommerce_sales_1000_records!$G:AH,AD$41,ecommerce_sales_1000_records!$C:AD,MTD!$A43) -> 28897.04 | AE43: =SUMIFS(ecommerce_sales_1000_records!$E:AG,ecommerce_sales_1000_records!$G:AI,AE$41,ecommerce_sales_1000_records!$C:AE,MTD!$A43) -> 25868.88 | AF43: =SUMIFS(ecommerce_sales_1000_records!$E:AH,ecommerce_sales_1000_records!$G:AJ,AF$41,ecommerce_sales_1000_records!$C:AF,MTD!$A43) -> 0
A44: Books | B44: =SUM(C44:AG44) -> 6671.46 | C44: =SUMIFS(ecommerce_sales_1000_records!$E:E,ecommerce_sales_1000_records!$G:G,C$41,ecommerce_sales_1000_records!$C:C,MTD!$A44) -> 407.43 | D44: =SUMIFS(ecommerce_sales_1000_records!$E:F,ecommerce_sales_1000_records!$G:H,D$41,ecommerce_sales_1000_records!$C:D,MTD!$A44) -> 476.71 | E44: =SUMIFS(ecommerce_sales_1000_records!$E:G,ecommerce_sales_1000_records!$G:I,E$41,ecommerce_sales_1000_records!$C:E,MTD!$A44) -> 0 | F44: =SUMIFS(ecommerce_sales_1000_records!$E:H,ecommerce_sales_1000_records!$G:J,F$41,ecommerce_sales_1000_records!$C:F,MTD!$A44) -> 431.54 | G44: =SUMIFS(ecommerce_sales_1000_records!$E:I,ecommerce_sales_1000_records!$G:K,G$41,ecommerce_sales_1000_records!$C:G,MTD!$A44) -> 0 | H44: =SUMIFS(ecommerce_sales_1000_records!$E:J,ecommerce_sales_1000_records!$G:L,H$41,ecommerce_sales_1000_records!$C:H,MTD!$A44) -> 420.3 | I44: =SUMIFS(ecommerce_sales_1000_records!$E:K,ecommerce_sales_1000_records!$G:M,I$41,ecommerce_sales_1000_records!$C:I,MTD!$A44) -> 0 | J44: =SUMIFS(ecommerce_sales_1000_records!$E:L,ecommerce_sales_1000_records!$G:N,J$41,ecommerce_sales_1000_records!$C:J,MTD!$A44) -> 0 | K44: =SUMIFS(ecommerce_sales_1000_records!$E:M,ecommerce_sales_1000_records!$G:O,K$41,ecommerce_sales_1000_records!$C:K,MTD!$A44) -> 410.91 | L44: =SUMIFS(ecommerce_sales_1000_records!$E:N,ecommerce_sales_1000_records!$G:P,L$41,ecommerce_sales_1000_records!$C:L,MTD!$A44) -> 0 | M44: =SUMIFS(ecommerce_sales_1000_records!$E:O,ecommerce_sales_1000_records!$G:Q,M$41,ecommerce_sales_1000_records!$C:M,MTD!$A44) -> 0 | N44: =SUMIFS(ecommerce_sales_1000_records!$E:P,ecommerce_sales_1000_records!$G:R,N$41,ecommerce_sales_1000_records!$C:N,MTD!$A44) -> 443.07 | O44: =SUMIFS(ecommerce_sales_1000_records!$E:Q,ecommerce_sales_1000_records!$G:S,O$41,ecommerce_sales_1000_records!$C:O,MTD!$A44) -> 0 | P44: =SUMIFS(ecommerce_sales_1000_records!$E:R,ecommerce_sales_1000_records!$G:T,P$41,ecommerce_sales_1000_records!$C:P,MTD!$A44) -> 0 | Q44: =SUMIFS(ecommerce_sales_1000_records!$E:S,ecommerce_sales_1000_records!$G:U,Q$41,ecommerce_sales_1000_records!$C:Q,MTD!$A44) -> 0 | R44: =SUMIFS(ecommerce_sales_1000_records!$E:T,ecommerce_sales_1000_records!$G:V,R$41,ecommerce_sales_1000_records!$C:R,MTD!$A44) -> 0 | S44: =SUMIFS(ecommerce_sales_1000_records!$E:U,ecommerce_sales_1000_records!$G:W,S$41,ecommerce_sales_1000_records!$C:S,MTD!$A44) -> 487.51 | T44: =SUMIFS(ecommerce_sales_1000_records!$E:V,ecommerce_sales_1000_records!$G:X,T$41,ecommerce_sales_1000_records!$C:T,MTD!$A44) -> 0 | U44: =SUMIFS(ecommerce_sales_1000_records!$E:W,ecommerce_sales_1000_records!$G:Y,U$41,ecommerce_sales_1000_records!$C:U,MTD!$A44) -> 458.45 | V44: =SUMIFS(ecommerce_sales_1000_records!$E:X,ecommerce_sales_1000_records!$G:Z,V$41,ecommerce_sales_1000_records!$C:V,MTD!$A44) -> 0 | W44: =SUMIFS(ecommerce_sales_1000_records!$E:Y,ecommerce_sales_1000_records!$G:AA,W$41,ecommerce_sales_1000_records!$C:W,MTD!$A44) -> 422.49 | X44: =SUMIFS(ecommerce_sales_1000_records!$E:Z,ecommerce_sales_1000_records!$G:AB,X$41,ecommerce_sales_1000_records!$C:X,MTD!$A44) -> 463.49 | Y44: =SUMIFS(ecommerce_sales_1000_records!$E:AA,ecommerce_sales_1000_records!$G:AC,Y$41,ecommerce_sales_1000_records!$C:Y,MTD!$A44) -> 490.72 | Z44: =SUMIFS(ecommerce_sales_1000_records!$E:AB,ecommerce_sales_1000_records!$G:AD,Z$41,ecommerce_sales_1000_records!$C:Z,MTD!$A44) -> 0 | AA44: =SUMIFS(ecommerce_sales_1000_records!$E:AC,ecommerce_sales_1000_records!$G:AE,AA$41,ecommerce_sales_1000_records!$C:AA,MTD!$A44) -> 414.17 | AB44: =SUMIFS(ecommerce_sales_1000_records!$E:AD,ecommerce_sales_1000_records!$G:AF,AB$41,ecommerce_sales_1000_records!$C:AB,MTD!$A44) -> 462.5 | AC44: =SUMIFS(ecommerce_sales_1000_records!$E:AE,ecommerce_sales_1000_records!$G:AG,AC$41,ecommerce_sales_1000_records!$C:AC,MTD!$A44) -> 418.88 | AD44: =SUMIFS(ecommerce_sales_1000_records!$E:AF,ecommerce_sales_1000_records!$G:AH,AD$41,ecommerce_sales_1000_records!$C:AD,MTD!$A44) -> 0 | AE44: =SUMIFS(ecommerce_sales_1000_records!$E:AG,ecommerce_sales_1000_records!$G:AI,AE$41,ecommerce_sales_1000_records!$C:AE,MTD!$A44) -> 463.29 | AF44: =SUMIFS(ecommerce_sales_1000_records!$E:AH,ecommerce_sales_1000_records!$G:AJ,AF$41,ecommerce_sales_1000_records!$C:AF,MTD!$A44) -> 0
A45: Fashion | B45: =SUM(C45:AG45) -> 54274.89 | C45: =SUMIFS(ecommerce_sales_1000_records!$E:E,ecommerce_sales_1000_records!$G:G,C$41,ecommerce_sales_1000_records!$C:C,MTD!$A45) -> 0 | D45: =SUMIFS(ecommerce_sales_1000_records!$E:F,ecommerce_sales_1000_records!$G:H,D$41,ecommerce_sales_1000_records!$C:D,MTD!$A45) -> 2274.36 | E45: =SUMIFS(ecommerce_sales_1000_records!$E:G,ecommerce_sales_1000_records!$G:I,E$41,ecommerce_sales_1000_records!$C:E,MTD!$A45) -> 0 | F45: =SUMIFS(ecommerce_sales_1000_records!$E:H,ecommerce_sales_1000_records!$G:J,F$41,ecommerce_sales_1000_records!$C:F,MTD!$A45) -> 2059.7 | G45: =SUMIFS(ecommerce_sales_1000_records!$E:I,ecommerce_sales_1000_records!$G:K,G$41,ecommerce_sales_1000_records!$C:G,MTD!$A45) -> 823.74 | H45: =SUMIFS(ecommerce_sales_1000_records!$E:J,ecommerce_sales_1000_records!$G:L,H$41,ecommerce_sales_1000_records!$C:H,MTD!$A45) -> 3257.78 | I45: =SUMIFS(ecommerce_sales_1000_records!$E:K,ecommerce_sales_1000_records!$G:M,I$41,ecommerce_sales_1000_records!$C:I,MTD!$A45) -> 4965.96 | J45: =SUMIFS(ecommerce_sales_1000_records!$E:L,ecommerce_sales_1000_records!$G:N,J$41,ecommerce_sales_1000_records!$C:J,MTD!$A45) -> 2429.43 | K45: =SUMIFS(ecommerce_sales_1000_records!$E:M,ecommerce_sales_1000_records!$G:O,K$41,ecommerce_sales_1000_records!$C:K,MTD!$A45) -> 793.68 | L45: =SUMIFS(ecommerce_sales_1000_records!$E:N,ecommerce_sales_1000_records!$G:P,L$41,ecommerce_sales_1000_records!$C:L,MTD!$A45) -> 4346.42 | M45: =SUMIFS(ecommerce_sales_1000_records!$E:O,ecommerce_sales_1000_records!$G:Q,M$41,ecommerce_sales_1000_records!$C:M,MTD!$A45) -> 2074.62 | N45: =SUMIFS(ecommerce_sales_1000_records!$E:P,ecommerce_sales_1000_records!$G:R,N$41,ecommerce_sales_1000_records!$C:N,MTD!$A45) -> 1850.84 | O45: =SUMIFS(ecommerce_sales_1000_records!$E:Q,ecommerce_sales_1000_records!$G:S,O$41,ecommerce_sales_1000_records!$C:O,MTD!$A45) -> 2736.84 | P45: =SUMIFS(ecommerce_sales_1000_records!$E:R,ecommerce_sales_1000_records!$G:T,P$41,ecommerce_sales_1000_records!$C:P,MTD!$A45) -> 1595.61 | Q45: =SUMIFS(ecommerce_sales_1000_records!$E:S,ecommerce_sales_1000_records!$G:U,Q$41,ecommerce_sales_1000_records!$C:Q,MTD!$A45) -> 0 | R45: =SUMIFS(ecommerce_sales_1000_records!$E:T,ecommerce_sales_1000_records!$G:V,R$41,ecommerce_sales_1000_records!$C:R,MTD!$A45) -> 864.19 | S45: =SUMIFS(ecommerce_sales_1000_records!$E:U,ecommerce_sales_1000_records!$G:W,S$41,ecommerce_sales_1000_records!$C:S,MTD!$A45) -> 0 | T45: =SUMIFS(ecommerce_sales_1000_records!$E:V,ecommerce_sales_1000_records!$G:X,T$41,ecommerce_sales_1000_records!$C:T,MTD!$A45) -> 2399.14 | U45: =SUMIFS(ecommerce_sales_1000_records!$E:W,ecommerce_sales_1000_records!$G:Y,U$41,ecommerce_sales_1000_records!$C:U,MTD!$A45) -> 4644.98 | V45: =SUMIFS(ecommerce_sales_1000_records!$E:X,ecommerce_sales_1000_records!$G:Z,V$41,ecommerce_sales_1000_records!$C:V,MTD!$A45) -> 2534.32 | W45: =SUMIFS(ecommerce_sales_1000_records!$E:Y,ecommerce_sales_1000_records!$G:AA,W$41,ecommerce_sales_1000_records!$C:W,MTD!$A45) -> 2333.01 | X45: =SUMIFS(ecommerce_sales_1000_records!$E:Z,ecommerce_sales_1000_records!$G:AB,X$41,ecommerce_sales_1000_records!$C:X,MTD!$A45) -> 2190.3 | Y45: =SUMIFS(ecommerce_sales_1000_records!$E:AA,ecommerce_sales_1000_records!$G:AC,Y$41,ecommerce_sales_1000_records!$C:Y,MTD!$A45) -> 784.42 | Z45: =SUMIFS(ecommerce_sales_1000_records!$E:AB,ecommerce_sales_1000_records!$G:AD,Z$41,ecommerce_sales_1000_records!$C:Z,MTD!$A45) -> 3358.21 | AA45: =SUMIFS(ecommerce_sales_1000_records!$E:AC,ecommerce_sales_1000_records!$G:AE,AA$41,ecommerce_sales_1000_records!$C:AA,MTD!$A45) -> 0 | AB45: =SUMIFS(ecommerce_sales_1000_records!$E:AD,ecommerce_sales_1000_records!$G:AF,AB$41,ecommerce_sales_1000_records!$C:AB,MTD!$A45) -> 0 | AC45: =SUMIFS(ecommerce_sales_1000_records!$E:AE,ecommerce_sales_1000_records!$G:AG,AC$41,ecommerce_sales_1000_records!$C:AC,MTD!$A45) -> 0 | AD45: =SUMIFS(ecommerce_sales_1000_records!$E:AF,ecommerce_sales_1000_records!$G:AH,AD$41,ecommerce_sales_1000_records!$C:AD,MTD!$A45) -> 3504.49 | AE45: =SUMIFS(ecommerce_sales_1000_records!$E:AG,ecommerce_sales_1000_records!$G:AI,AE$41,ecommerce_sales_1000_records!$C:AE,MTD!$A45) -> 2452.85 | AF45: =SUMIFS(ecommerce_sales_1000_records!$E:AH,ecommerce_sales_1000_records!$G:AJ,AF$41,ecommerce_sales_1000_records!$C:AF,MTD!$A45) -> 0
A46: Home Appliances | B46: =SUM(C46:AG46) -> 145698.12 | C46: =SUMIFS(ecommerce_sales_1000_records!$E:E,ecommerce_sales_1000_records!$G:G,C$41,ecommerce_sales_1000_records!$C:C,MTD!$A46) -> 0 | D46: =SUMIFS(ecommerce_sales_1000_records!$E:F,ecommerce_sales_1000_records!$G:H,D$41,ecommerce_sales_1000_records!$C:D,MTD!$A46) -> 0 | E46: =SUMIFS(ecommerce_sales_1000_records!$E:G,ecommerce_sales_1000_records!$G:I,E$41,ecommerce_sales_1000_records!$C:E,MTD!$A46) -> 3818.15 | F46: =SUMIFS(ecommerce_sales_1000_records!$E:H,ecommerce_sales_1000_records!$G:J,F$41,ecommerce_sales_1000_records!$C:F,MTD!$A46) -> 3780.14 | G46: =SUMIFS(ecommerce_sales_1000_records!$E:I,ecommerce_sales_1000_records!$G:K,G$41,ecommerce_sales_1000_records!$C:G,MTD!$A46) -> 6579.89 | H46: =SUMIFS(ecommerce_sales_1000_records!$E:J,ecommerce_sales_1000_records!$G:L,H$41,ecommerce_sales_1000_records!$C:H,MTD!$A46) -> 0 | I46: =SUMIFS(ecommerce_sales_1000_records!$E:K,ecommerce_sales_1000_records!$G:M,I$41,ecommerce_sales_1000_records!$C:I,MTD!$A46) -> 3658.77 | J46: =SUMIFS(ecommerce_sales_1000_records!$E:L,ecommerce_sales_1000_records!$G:N,J$41,ecommerce_sales_1000_records!$C:J,MTD!$A46) -> 0 | K46: =SUMIFS(ecommerce_sales_1000_records!$E:M,ecommerce_sales_1000_records!$G:O,K$41,ecommerce_sales_1000_records!$C:K,MTD!$A46) -> 4422.1 | L46: =SUMIFS(ecommerce_sales_1000_records!$E:N,ecommerce_sales_1000_records!$G:P,L$41,ecommerce_sales_1000_records!$C:L,MTD!$A46) -> 14265.76 | M46: =SUMIFS(ecommerce_sales_1000_records!$E:O,ecommerce_sales_1000_records!$G:Q,M$41,ecommerce_sales_1000_records!$C:M,MTD!$A46) -> 6968.92 | N46: =SUMIFS(ecommerce_sales_1000_records!$E:P,ecommerce_sales_1000_records!$G:R,N$41,ecommerce_sales_1000_records!$C:N,MTD!$A46) -> 6344.16 | O46: =SUMIFS(ecommerce_sales_1000_records!$E:Q,ecommerce_sales_1000_records!$G:S,O$41,ecommerce_sales_1000_records!$C:O,MTD!$A46) -> 3228.92 | P46: =SUMIFS(ecommerce_sales_1000_records!$E:R,ecommerce_sales_1000_records!$G:T,P$41,ecommerce_sales_1000_records!$C:P,MTD!$A46) -> 0 | Q46: =SUMIFS(ecommerce_sales_1000_records!$E:S,ecommerce_sales_1000_records!$G:U,Q$41,ecommerce_sales_1000_records!$C:Q,MTD!$A46) -> 0 | R46: =SUMIFS(ecommerce_sales_1000_records!$E:T,ecommerce_sales_1000_records!$G:V,R$41,ecommerce_sales_1000_records!$C:R,MTD!$A46) -> 0 | S46: =SUMIFS(ecommerce_sales_1000_records!$E:U,ecommerce_sales_1000_records!$G:W,S$41,ecommerce_sales_1000_records!$C:S,MTD!$A46) -> 11376.01 | T46: =SUMIFS(ecommerce_sales_1000_records!$E:V,ecommerce_sales_1000_records!$G:X,T$41,ecommerce_sales_1000_records!$C:T,MTD!$A46) -> 4574.15 | U46: =SUMIFS(ecommerce_sales_1000_records!$E:W,ecommerce_sales_1000_records!$G:Y,U$41,ecommerce_sales_1000_records!$C:U,MTD!$A46) -> 6157.98 | V46: =SUMIFS(ecommerce_sales_1000_records!$E:X,ecommerce_sales_1000_records!$G:Z,V$41,ecommerce_sales_1000_records!$C:V,MTD!$A46) -> 3576.18 | W46: =SUMIFS(ecommerce_sales_1000_records!$E:Y,ecommerce_sales_1000_records!$G:AA,W$41,ecommerce_sales_1000_records!$C:W,MTD!$A46) -> 18361.88 | X46: =SUMIFS(ecommerce_sales_1000_records!$E:Z,ecommerce_sales_1000_records!$G:AB,X$41,ecommerce_sales_1000_records!$C:X,MTD!$A46) -> 9814.02 | Y46: =SUMIFS(ecommerce_sales_1000_records!$E:AA,ecommerce_sales_1000_records!$G:AC,Y$41,ecommerce_sales_1000_records!$C:Y,MTD!$A46) -> 0 | Z46: =SUMIFS(ecommerce_sales_1000_records!$E:AB,ecommerce_sales_1000_records!$G:AD,Z$41,ecommerce_sales_1000_records!$C:Z,MTD!$A46) -> 0 | AA46: =SUMIFS(ecommerce_sales_1000_records!$E:AC,ecommerce_sales_1000_records!$G:AE,AA$41,ecommerce_sales_1000_records!$C:AA,MTD!$A46) -> 12601.04 | AB46: =SUMIFS(ecommerce_sales_1000_records!$E:AD,ecommerce_sales_1000_records!$G:AF,AB$41,ecommerce_sales_1000_records!$C:AB,MTD!$A46) -> 0 | AC46: =SUMIFS(ecommerce_sales_1000_records!$E:AE,ecommerce_sales_1000_records!$G:AG,AC$41,ecommerce_sales_1000_records!$C:AC,MTD!$A46) -> 6651.78 | AD46: =SUMIFS(ecommerce_sales_1000_records!$E:AF,ecommerce_sales_1000_records!$G:AH,AD$41,ecommerce_sales_1000_records!$C:AD,MTD!$A46) -> 6202.47 | AE46: =SUMIFS(ecommerce_sales_1000_records!$E:AG,ecommerce_sales_1000_records!$G:AI,AE$41,ecommerce_sales_1000_records!$C:AE,MTD!$A46) -> 13315.8 | AF46: =SUMIFS(ecommerce_sales_1000_records!$E:AH,ecommerce_sales_1000_records!$G:AJ,AF$41,ecommerce_sales_1000_records!$C:AF,MTD!$A46) -> 0
A47: Total Sales : | B47: =SUM(B42:B46) -> 1052097.1 | C47: =SUM(C42:C46) -> 61066.9 | D47: =SUM(D42:D46) -> 79265.7 | E47: =SUM(E42:E46) -> 5527.49 | F47: =SUM(F42:F46) -> 8163.22 | G47: =SUM(G42:G46) -> 36891.7 | H47: =SUM(H42:H46) -> 3678.08 | I47: =SUM(I42:I46) -> 72812.08 | ... AF47: =SUM(AF42:AF46) -> 0

Sheet ecommerce_sales_1000_records
A1: Order_ID | B1: Product | C1: Category | D1: Quantity | E1: Price | F1: City | G1: Date
A2: ORD1001 | B2: Backpack | C2: Accessories | D2: 1 | E2: 1629 | F2: Hyderabad | G2: 46085
A3: ORD1002 | B3: Keyboard | C3: Electronics | D3: 2 | E3: 1570.94 | F3: Surat | G3: 46045
A4: ORD1003 | B4: Book | C4: Books | D4: 4 | E4: 407.86 | F4: Mumbai | G4: 46078
A5: ORD1004 | B5: Keyboard | C5: Electronics | D5: 5 | E5: 1530.61 | F5: Surat | G5: 46073
A6: ORD1005 | B6: Tablet | C6: Electronics | D6: 5 | E6: 27549.31 | F6: Jaipur | G6: 46173
A7: ORD1006 | B7: T-Shirt | C7: Fashion | D7: 1 | E7: 840.36 | F7: Delhi | G7: 46201
A8: ORD1007 | B8: Watch | C8: Accessories | D8: 3 | E8: 4776.92 | F8: Bangalore | G8: 46109
A9: ORD1008 | B9: Smartphone | C9: Electronics | D9: 1 | E9: 17567.74 | F9: Pune | G9: 46111
A10: ORD1009 | B10: Book | C10: Books | D10: 3 | E10: 477.64 | F10: Jaipur | G10: 46160
A11: ORD1010 | B11: Smartphone | C11: Electronics | D11: 4 | E11: 16483.68 | F11: Hyderabad | G11: 46183
A12: ORD1011 | B12: Book | C12: Books | D12: 3 | E12: 456.96 | F12: Mumbai | G12: 46034
A13: ORD1012 | B13: Backpack | C13: Accessories | D13: 2 | E13: 1898.3 | F13: Mumbai | G13: 46082
... A1001: ORD2000 | B1001: Smartphone | C1001: Electronics | D1001: 4 | E1001: 17509.92 | F1001: Ahmedabad | G1001: 46192
